===== interleaved pass START 2026-08-17T09:52:38Z host=spacegame arch=x86_64 os=Linux rounds=7 langs=cpp,c =====
cpu15 pre : cpu15 74726390 0 82446325 1818599952 31 0 0 0 0 0
--- pscheck [before-control-start] 2026-08-17T09:52:38Z load=0.20 3.49 5.49
  clean: none of ours running
=== leg control-start START 2026-08-17T09:52:38Z (bench/run.sh --only cpp --compiler g++ --out build/bench/pass-20260817-095238/control-start.csv)
== cpp: build (Release) ==
== cpp: run (Release) ==
schema bench (cpp, Release)
rigidbody_moving   write     131.74 M msg/s    13192.3 MB/s   (min 131.73, max 131.75, spread 0.0%)
rigidbody_moving   read      179.46 M msg/s    17970.2 MB/s   (min 179.45, max 180.25, spread 0.4%)
rigidbody_at_rest  write     308.31 M msg/s    16759.6 MB/s   (min 308.31, max 308.31, spread 0.0%)
rigidbody_at_rest  read       97.34 M msg/s     5291.1 MB/s   (min 97.34, max 97.34, spread 0.0%)
chat               write      69.80 M msg/s      865.4 MB/s   (min 69.80, max 69.80, spread 0.0%)
chat               read       99.96 M msg/s     1239.3 MB/s   (min 99.96, max 99.96, spread 0.0%)
test               write     246.65 M msg/s     1411.3 MB/s   (min 246.64, max 246.65, spread 0.0%)
test               read      731.12 M msg/s     4183.5 MB/s   (min 730.94, max 731.47, spread 0.1%)
inputpacket        write      51.32 M msg/s     2985.6 MB/s   (min 51.30, max 51.34, spread 0.1%)
inputpacket        read       40.64 M msg/s     2364.0 MB/s   (min 40.64, max 40.64, spread 0.0%)
shipcreate         write     122.90 M msg/s     3281.8 MB/s   (min 122.90, max 122.90, spread 0.0%)
shipcreate         read      142.08 M msg/s     3794.1 MB/s   (min 142.08, max 142.08, spread 0.0%)
ship_shallow       write     145.02 M msg/s     3872.6 MB/s   (min 145.00, max 145.03, spread 0.0%)
ship_shallow       read      156.09 M msg/s     4168.1 MB/s   (min 156.00, max 156.70, spread 0.4%)
probe_header       write     336.34 M msg/s     3207.6 MB/s   (min 336.32, max 336.34, spread 0.0%)
probe_header       read      893.23 M msg/s     8518.5 MB/s   (min 892.22, max 893.88, spread 0.2%)
probebits          write     197.41 M msg/s     4894.8 MB/s   (min 195.95, max 205.02, spread 4.6%)
probebits          read      441.36 M msg/s    10943.7 MB/s   (min 441.36, max 441.36, spread 0.0%)
probearray         write      25.38 M msg/s     1137.5 MB/s   (min 25.36, max 25.40, spread 0.1%)
probearray         read       30.84 M msg/s     1382.5 MB/s   (min 30.82, max 30.85, spread 0.1%)
testdata           write      22.63 M msg/s     1985.1 MB/s   (min 22.62, max 22.63, spread 0.0%)
testdata           read       30.84 M msg/s     2705.9 MB/s   (min 30.84, max 30.84, spread 0.0%)
real_packet        write       6.88 M msg/s     1339.2 MB/s   (min 6.84, max 6.92, spread 1.1%)
real_packet        read        9.38 M msg/s     1824.8 MB/s   (min 9.38, max 9.40, spread 0.3%)
message_batch      write     105.47 M msg/s     2514.7 MB/s   (min 105.28, max 105.59, spread 0.3%)
message_batch      read       62.30 M msg/s     1485.4 MB/s   (min 62.22, max 62.36, spread 0.2%)
bench_packet       write     123.33 M msg/s     5763.1 MB/s   (min 123.33, max 123.33, spread 0.0%)
bench_packet       read      222.45 M msg/s    10395.0 MB/s   (min 213.65, max 236.75, spread 10.4%)
bench_ints         write     210.29 M msg/s     2807.7 MB/s   (min 209.43, max 212.67, spread 1.5%)
bench_ints         read      260.16 M msg/s     3473.6 MB/s   (min 260.15, max 260.17, spread 0.0%)
bench_bits         write     278.23 M msg/s     5306.7 MB/s   (min 277.67, max 279.93, spread 0.8%)
bench_bits         read      355.58 M msg/s     6782.2 MB/s   (min 353.43, max 355.88, spread 0.7%)
bench_mixed        write     206.38 M msg/s     4133.2 MB/s   (min 204.51, max 210.38, spread 2.8%)
bench_mixed        read      256.21 M msg/s     5131.2 MB/s   (min 254.89, max 256.23, spread 0.5%)
bitpacker          write       0.07 M msg/s     4071.0 MB/s   (min 0.07, max 0.07, spread 0.0%)
bitpacker          read        0.06 M msg/s     3709.2 MB/s   (min 0.06, max 0.06, spread 0.0%)
OK (corpus_id 7a7c343f1a446f4c)
results: build/bench/pass-20260817-095238/control-start.csv
=== leg control-start OK 2026-08-17T09:54:31Z
boundary: load1=0.87 foreign=0
--- pscheck [before-round-0-cpp] 2026-08-17T09:54:31Z load=0.87 2.72 4.99
  clean: none of ours running
=== leg round-0-cpp START 2026-08-17T09:54:31Z (bench/run.sh --only cpp --compiler g++ --bare --round 0 --reuse-build --out build/bench/pass-20260817-095238/round-0-cpp.csv)
== cpp: reusing build/bench/schema_bench_cpp ==
== cpp: run (Release) ==
schema bench (cpp, Release)
rigidbody_moving   write     132.13 M msg/s    13230.8 MB/s   (min 132.13, max 132.13, spread 0.0%)
rigidbody_moving   read      179.03 M msg/s    17927.3 MB/s   (min 179.03, max 179.03, spread 0.0%)
rigidbody_at_rest  write     264.27 M msg/s    14365.4 MB/s   (min 264.27, max 264.27, spread 0.0%)
rigidbody_at_rest  read       97.34 M msg/s     5291.2 MB/s   (min 97.34, max 97.34, spread 0.0%)
chat               write      69.80 M msg/s      865.4 MB/s   (min 69.80, max 69.80, spread 0.0%)
chat               read       99.96 M msg/s     1239.3 MB/s   (min 99.96, max 99.96, spread 0.0%)
test               write     246.65 M msg/s     1411.3 MB/s   (min 246.65, max 246.65, spread 0.0%)
test               read      734.46 M msg/s     4202.6 MB/s   (min 734.46, max 734.46, spread 0.0%)
inputpacket        write      59.67 M msg/s     3471.4 MB/s   (min 59.67, max 59.67, spread 0.0%)
inputpacket        read       40.64 M msg/s     2364.1 MB/s   (min 40.64, max 40.64, spread 0.0%)
shipcreate         write     122.77 M msg/s     3278.3 MB/s   (min 122.77, max 122.77, spread 0.0%)
shipcreate         read      142.51 M msg/s     3805.4 MB/s   (min 142.51, max 142.51, spread 0.0%)
ship_shallow       write     145.03 M msg/s     3872.6 MB/s   (min 145.03, max 145.03, spread 0.0%)
ship_shallow       read      155.99 M msg/s     4165.3 MB/s   (min 155.99, max 155.99, spread 0.0%)
probe_header       write     336.34 M msg/s     3207.6 MB/s   (min 336.34, max 336.34, spread 0.0%)
probe_header       read      900.48 M msg/s     8587.6 MB/s   (min 900.48, max 900.48, spread 0.0%)
probebits          write     201.70 M msg/s     5001.2 MB/s   (min 201.70, max 201.70, spread 0.0%)
probebits          read      440.54 M msg/s    10923.3 MB/s   (min 440.54, max 440.54, spread 0.0%)
probearray         write      25.08 M msg/s     1124.2 MB/s   (min 25.08, max 25.08, spread 0.0%)
probearray         read       30.99 M msg/s     1388.9 MB/s   (min 30.99, max 30.99, spread 0.0%)
testdata           write      22.01 M msg/s     1931.5 MB/s   (min 22.01, max 22.01, spread 0.0%)
testdata           read       31.09 M msg/s     2728.0 MB/s   (min 31.09, max 31.09, spread 0.0%)
real_packet        write       6.96 M msg/s     1354.4 MB/s   (min 6.96, max 6.96, spread 0.0%)
real_packet        read        9.44 M msg/s     1836.9 MB/s   (min 9.44, max 9.44, spread 0.0%)
message_batch      write     105.96 M msg/s     2526.3 MB/s   (min 105.96, max 105.96, spread 0.0%)
message_batch      read       63.07 M msg/s     1503.8 MB/s   (min 63.07, max 63.07, spread 0.0%)
bench_packet       write     123.33 M msg/s     5763.0 MB/s   (min 123.33, max 123.33, spread 0.0%)
bench_packet       read      218.34 M msg/s    10202.8 MB/s   (min 218.34, max 218.34, spread 0.0%)
bench_ints         write     213.17 M msg/s     2846.1 MB/s   (min 213.17, max 213.17, spread 0.0%)
bench_ints         read      258.79 M msg/s     3455.2 MB/s   (min 258.79, max 258.79, spread 0.0%)
bench_bits         write     279.70 M msg/s     5334.9 MB/s   (min 279.70, max 279.70, spread 0.0%)
bench_bits         read      355.40 M msg/s     6778.7 MB/s   (min 355.40, max 355.40, spread 0.0%)
bench_mixed        write     206.88 M msg/s     4143.2 MB/s   (min 206.88, max 206.88, spread 0.0%)
bench_mixed        read      256.49 M msg/s     5136.7 MB/s   (min 256.49, max 256.49, spread 0.0%)
bitpacker          write       0.07 M msg/s     4070.9 MB/s   (min 0.07, max 0.07, spread 0.0%)
bitpacker          read        0.06 M msg/s     3702.6 MB/s   (min 0.06, max 0.06, spread 0.0%)
OK (corpus_id 7a7c343f1a446f4c)
results: build/bench/pass-20260817-095238/round-0-cpp.csv
=== leg round-0-cpp OK 2026-08-17T09:54:58Z
--- pscheck [before-round-0-c] 2026-08-17T09:54:58Z load=0.99 2.57 4.86
  clean: none of ours running
=== leg round-0-c START 2026-08-17T09:54:58Z (bench/run.sh --only c --compiler g++ --bare --round 0 --out build/bench/pass-20260817-095238/round-0-c.csv)
== c: build (Release) ==
== c: run (Release) ==
schema bench (c, Release)
rigidbody_moving   write     127.54 M msg/s    12771.1 MB/s   (min 127.54, max 127.54, spread 0.0%)
rigidbody_moving   read      197.66 M msg/s    19793.2 MB/s   (min 197.66, max 197.66, spread 0.0%)
rigidbody_at_rest  write     206.81 M msg/s    11242.2 MB/s   (min 206.81, max 206.81, spread 0.0%)
rigidbody_at_rest  read       97.33 M msg/s     5290.6 MB/s   (min 97.33, max 97.33, spread 0.0%)
chat               write      65.95 M msg/s      817.6 MB/s   (min 65.95, max 65.95, spread 0.0%)
chat               read       95.40 M msg/s     1182.7 MB/s   (min 95.40, max 95.40, spread 0.0%)
test               write     403.52 M msg/s     2309.0 MB/s   (min 403.52, max 403.52, spread 0.0%)
test               read      738.03 M msg/s     4223.1 MB/s   (min 738.03, max 738.03, spread 0.0%)
inputpacket        write      55.21 M msg/s     3211.9 MB/s   (min 55.21, max 55.21, spread 0.0%)
inputpacket        read       26.61 M msg/s     1548.0 MB/s   (min 26.61, max 26.61, spread 0.0%)
shipcreate         write      78.72 M msg/s     2102.0 MB/s   (min 78.72, max 78.72, spread 0.0%)
shipcreate         read      137.92 M msg/s     3682.9 MB/s   (min 137.92, max 137.92, spread 0.0%)
ship_shallow       write      90.24 M msg/s     2409.6 MB/s   (min 90.24, max 90.24, spread 0.0%)
ship_shallow       read      155.70 M msg/s     4157.6 MB/s   (min 155.70, max 155.70, spread 0.0%)
probe_header       write     369.98 M msg/s     3528.4 MB/s   (min 369.98, max 369.98, spread 0.0%)
probe_header       read      884.25 M msg/s     8432.9 MB/s   (min 884.25, max 884.25, spread 0.0%)
probebits          write     246.65 M msg/s     6115.8 MB/s   (min 246.65, max 246.65, spread 0.0%)
probebits          read      430.00 M msg/s    10662.2 MB/s   (min 430.00, max 430.00, spread 0.0%)
probearray         write      49.32 M msg/s     2210.8 MB/s   (min 49.32, max 49.32, spread 0.0%)
probearray         read       78.66 M msg/s     3525.9 MB/s   (min 78.66, max 78.66, spread 0.0%)
testdata           write      20.96 M msg/s     1838.9 MB/s   (min 20.96, max 20.96, spread 0.0%)
testdata           read       47.71 M msg/s     4186.3 MB/s   (min 47.71, max 47.71, spread 0.0%)
real_packet        write       6.31 M msg/s     1226.7 MB/s   (min 6.31, max 6.31, spread 0.0%)
real_packet        read        7.91 M msg/s     1538.8 MB/s   (min 7.91, max 7.91, spread 0.0%)
message_batch      write      93.51 M msg/s     2229.5 MB/s   (min 93.51, max 93.51, spread 0.0%)
message_batch      read       61.06 M msg/s     1455.8 MB/s   (min 61.06, max 61.06, spread 0.0%)
bench_packet       write      68.51 M msg/s     3201.7 MB/s   (min 68.51, max 68.51, spread 0.0%)
bench_packet       read      103.70 M msg/s     4845.8 MB/s   (min 103.70, max 103.70, spread 0.0%)
bench_ints         write      94.86 M msg/s     1266.6 MB/s   (min 94.86, max 94.86, spread 0.0%)
bench_ints         read      142.24 M msg/s     1899.1 MB/s   (min 142.24, max 142.24, spread 0.0%)
bench_bits         write     291.81 M msg/s     5565.8 MB/s   (min 291.81, max 291.81, spread 0.0%)
bench_bits         read      358.16 M msg/s     6831.4 MB/s   (min 358.16, max 358.16, spread 0.0%)
bench_mixed        write      86.01 M msg/s     1722.5 MB/s   (min 86.01, max 86.01, spread 0.0%)
bench_mixed        read      132.03 M msg/s     2644.2 MB/s   (min 132.03, max 132.03, spread 0.0%)
bitpacker          write       0.06 M msg/s     3986.5 MB/s   (min 0.06, max 0.06, spread 0.0%)
bitpacker          read        0.06 M msg/s     3763.0 MB/s   (min 0.06, max 0.06, spread 0.0%)
OK (corpus_id 7a7c343f1a446f4c)
results: build/bench/pass-20260817-095238/round-0-c.csv
=== leg round-0-c OK 2026-08-17T09:55:31Z
--- pscheck [before-round-0-cpp-b] 2026-08-17T09:55:31Z load=1.00 2.41 4.74
  clean: none of ours running
=== leg round-0-cpp-b START 2026-08-17T09:55:31Z (bench/run.sh --only cpp --compiler g++ --bare --round 0 --reuse-build --out build/bench/pass-20260817-095238/round-0-cpp-b.csv)
== cpp: reusing build/bench/schema_bench_cpp ==
== cpp: run (Release) ==
schema bench (cpp, Release)
rigidbody_moving   write     132.12 M msg/s    13230.2 MB/s   (min 132.12, max 132.12, spread 0.0%)
rigidbody_moving   read      179.78 M msg/s    18002.8 MB/s   (min 179.78, max 179.78, spread 0.0%)
rigidbody_at_rest  write     264.25 M msg/s    14364.4 MB/s   (min 264.25, max 264.25, spread 0.0%)
rigidbody_at_rest  read       97.33 M msg/s     5290.6 MB/s   (min 97.33, max 97.33, spread 0.0%)
chat               write      68.75 M msg/s      852.3 MB/s   (min 68.75, max 68.75, spread 0.0%)
chat               read       96.80 M msg/s     1200.1 MB/s   (min 96.80, max 96.80, spread 0.0%)
test               write     246.65 M msg/s     1411.4 MB/s   (min 246.65, max 246.65, spread 0.0%)
test               read      735.21 M msg/s     4206.9 MB/s   (min 735.21, max 735.21, spread 0.0%)
inputpacket        write      58.73 M msg/s     3416.3 MB/s   (min 58.73, max 58.73, spread 0.0%)
inputpacket        read       40.64 M msg/s     2364.1 MB/s   (min 40.64, max 40.64, spread 0.0%)
shipcreate         write     122.85 M msg/s     3280.5 MB/s   (min 122.85, max 122.85, spread 0.0%)
shipcreate         read      142.00 M msg/s     3791.8 MB/s   (min 142.00, max 142.00, spread 0.0%)
ship_shallow       write     144.99 M msg/s     3871.7 MB/s   (min 144.99, max 144.99, spread 0.0%)
ship_shallow       read      155.89 M msg/s     4162.7 MB/s   (min 155.89, max 155.89, spread 0.0%)
probe_header       write     336.34 M msg/s     3207.6 MB/s   (min 336.34, max 336.34, spread 0.0%)
probe_header       read      901.12 M msg/s     8593.8 MB/s   (min 901.12, max 901.12, spread 0.0%)
probebits          write     196.29 M msg/s     4867.2 MB/s   (min 196.29, max 196.29, spread 0.0%)
probebits          read      440.40 M msg/s    10919.9 MB/s   (min 440.40, max 440.40, spread 0.0%)
probearray         write      25.03 M msg/s     1122.0 MB/s   (min 25.03, max 25.03, spread 0.0%)
probearray         read       31.00 M msg/s     1389.6 MB/s   (min 31.00, max 31.00, spread 0.0%)
testdata           write      22.02 M msg/s     1931.9 MB/s   (min 22.02, max 22.02, spread 0.0%)
testdata           read       30.98 M msg/s     2718.4 MB/s   (min 30.98, max 30.98, spread 0.0%)
real_packet        write       6.90 M msg/s     1342.3 MB/s   (min 6.90, max 6.90, spread 0.0%)
real_packet        read        9.44 M msg/s     1835.8 MB/s   (min 9.44, max 9.44, spread 0.0%)
message_batch      write     105.29 M msg/s     2510.4 MB/s   (min 105.29, max 105.29, spread 0.0%)
message_batch      read       62.23 M msg/s     1483.6 MB/s   (min 62.23, max 62.23, spread 0.0%)
bench_packet       write     123.33 M msg/s     5763.0 MB/s   (min 123.33, max 123.33, spread 0.0%)
bench_packet       read      224.49 M msg/s    10490.4 MB/s   (min 224.49, max 224.49, spread 0.0%)
bench_ints         write     213.45 M msg/s     2849.9 MB/s   (min 213.45, max 213.45, spread 0.0%)
bench_ints         read      261.05 M msg/s     3485.4 MB/s   (min 261.05, max 261.05, spread 0.0%)
bench_bits         write     277.92 M msg/s     5300.9 MB/s   (min 277.92, max 277.92, spread 0.0%)
bench_bits         read      354.98 M msg/s     6770.7 MB/s   (min 354.98, max 354.98, spread 0.0%)
bench_mixed        write     207.77 M msg/s     4161.1 MB/s   (min 207.77, max 207.77, spread 0.0%)
bench_mixed        read      257.03 M msg/s     5147.6 MB/s   (min 257.03, max 257.03, spread 0.0%)
bitpacker          write       0.07 M msg/s     4070.7 MB/s   (min 0.07, max 0.07, spread 0.0%)
bitpacker          read        0.06 M msg/s     3709.5 MB/s   (min 0.06, max 0.06, spread 0.0%)
OK (corpus_id 7a7c343f1a446f4c)
results: build/bench/pass-20260817-095238/round-0-cpp-b.csv
=== leg round-0-cpp-b OK 2026-08-17T09:55:58Z
--- pscheck [before-round-0-c-b] 2026-08-17T09:55:58Z load=0.95 2.26 4.61
  clean: none of ours running
=== leg round-0-c-b START 2026-08-17T09:55:58Z (bench/run.sh --only c --compiler g++ --bare --round 0 --reuse-build --out build/bench/pass-20260817-095238/round-0-c-b.csv)
== c: reusing build/bench/schema_bench_c ==
== c: run (Release) ==
schema bench (c, Release)
rigidbody_moving   write     127.57 M msg/s    12774.4 MB/s   (min 127.57, max 127.57, spread 0.0%)
rigidbody_moving   read      196.04 M msg/s    19630.6 MB/s   (min 196.04, max 196.04, spread 0.0%)
rigidbody_at_rest  write     206.80 M msg/s    11241.5 MB/s   (min 206.80, max 206.80, spread 0.0%)
rigidbody_at_rest  read       97.33 M msg/s     5290.6 MB/s   (min 97.33, max 97.33, spread 0.0%)
chat               write      65.98 M msg/s      818.0 MB/s   (min 65.98, max 65.98, spread 0.0%)
chat               read       96.03 M msg/s     1190.6 MB/s   (min 96.03, max 96.03, spread 0.0%)
test               write     403.65 M msg/s     2309.7 MB/s   (min 403.65, max 403.65, spread 0.0%)
test               read      737.05 M msg/s     4217.5 MB/s   (min 737.05, max 737.05, spread 0.0%)
inputpacket        write      55.21 M msg/s     3211.9 MB/s   (min 55.21, max 55.21, spread 0.0%)
inputpacket        read       26.61 M msg/s     1548.0 MB/s   (min 26.61, max 26.61, spread 0.0%)
shipcreate         write      78.72 M msg/s     2102.0 MB/s   (min 78.72, max 78.72, spread 0.0%)
shipcreate         read      133.05 M msg/s     3552.7 MB/s   (min 133.05, max 133.05, spread 0.0%)
ship_shallow       write      90.24 M msg/s     2409.6 MB/s   (min 90.24, max 90.24, spread 0.0%)
ship_shallow       read      155.29 M msg/s     4146.6 MB/s   (min 155.29, max 155.29, spread 0.0%)
probe_header       write     369.98 M msg/s     3528.4 MB/s   (min 369.98, max 369.98, spread 0.0%)
probe_header       read      889.00 M msg/s     8478.2 MB/s   (min 889.00, max 889.00, spread 0.0%)
probebits          write     246.65 M msg/s     6115.8 MB/s   (min 246.65, max 246.65, spread 0.0%)
probebits          read      427.94 M msg/s    10610.9 MB/s   (min 427.94, max 427.94, spread 0.0%)
probearray         write      49.32 M msg/s     2210.7 MB/s   (min 49.32, max 49.32, spread 0.0%)
probearray         read       77.62 M msg/s     3479.0 MB/s   (min 77.62, max 77.62, spread 0.0%)
testdata           write      20.88 M msg/s     1832.0 MB/s   (min 20.88, max 20.88, spread 0.0%)
testdata           read       47.16 M msg/s     4138.0 MB/s   (min 47.16, max 47.16, spread 0.0%)
real_packet        write       6.28 M msg/s     1220.9 MB/s   (min 6.28, max 6.28, spread 0.0%)
real_packet        read        7.73 M msg/s     1503.7 MB/s   (min 7.73, max 7.73, spread 0.0%)
message_batch      write      93.43 M msg/s     2227.6 MB/s   (min 93.43, max 93.43, spread 0.0%)
message_batch      read       61.07 M msg/s     1456.1 MB/s   (min 61.07, max 61.07, spread 0.0%)
bench_packet       write      68.51 M msg/s     3201.6 MB/s   (min 68.51, max 68.51, spread 0.0%)
bench_packet       read      104.08 M msg/s     4863.5 MB/s   (min 104.08, max 104.08, spread 0.0%)
bench_ints         write      94.87 M msg/s     1266.6 MB/s   (min 94.87, max 94.87, spread 0.0%)
bench_ints         read      142.25 M msg/s     1899.3 MB/s   (min 142.25, max 142.25, spread 0.0%)
bench_bits         write     290.27 M msg/s     5536.5 MB/s   (min 290.27, max 290.27, spread 0.0%)
bench_bits         read      355.78 M msg/s     6785.9 MB/s   (min 355.78, max 355.78, spread 0.0%)
bench_mixed        write      85.31 M msg/s     1708.6 MB/s   (min 85.31, max 85.31, spread 0.0%)
bench_mixed        read      132.03 M msg/s     2644.2 MB/s   (min 132.03, max 132.03, spread 0.0%)
bitpacker          write       0.06 M msg/s     3987.3 MB/s   (min 0.06, max 0.06, spread 0.0%)
bitpacker          read        0.06 M msg/s     3756.4 MB/s   (min 0.06, max 0.06, spread 0.0%)
OK (corpus_id 7a7c343f1a446f4c)
results: build/bench/pass-20260817-095238/round-0-c-b.csv
=== leg round-0-c-b OK 2026-08-17T09:56:27Z
boundary: load1=0.97 foreign=0
--- pscheck [before-round-1-cpp-b] 2026-08-17T09:56:27Z load=0.97 2.14 4.50
  clean: none of ours running
=== leg round-1-cpp-b START 2026-08-17T09:56:27Z (bench/run.sh --only cpp --compiler g++ --bare --round 1 --reuse-build --out build/bench/pass-20260817-095238/round-1-cpp-b.csv)
== cpp: reusing build/bench/schema_bench_cpp ==
== cpp: run (Release) ==
schema bench (cpp, Release)
rigidbody_moving   write     132.11 M msg/s    13229.2 MB/s   (min 132.11, max 132.11, spread 0.0%)
rigidbody_moving   read      181.07 M msg/s    18131.1 MB/s   (min 181.07, max 181.07, spread 0.0%)
rigidbody_at_rest  write     264.26 M msg/s    14365.2 MB/s   (min 264.26, max 264.26, spread 0.0%)
rigidbody_at_rest  read       97.34 M msg/s     5291.2 MB/s   (min 97.34, max 97.34, spread 0.0%)
chat               write      69.68 M msg/s      863.9 MB/s   (min 69.68, max 69.68, spread 0.0%)
chat               read       96.08 M msg/s     1191.1 MB/s   (min 96.08, max 96.08, spread 0.0%)
test               write     246.68 M msg/s     1411.5 MB/s   (min 246.68, max 246.68, spread 0.0%)
test               read      736.48 M msg/s     4214.2 MB/s   (min 736.48, max 736.48, spread 0.0%)
inputpacket        write      58.73 M msg/s     3416.3 MB/s   (min 58.73, max 58.73, spread 0.0%)
inputpacket        read       39.90 M msg/s     2320.9 MB/s   (min 39.90, max 39.90, spread 0.0%)
shipcreate         write     122.85 M msg/s     3280.5 MB/s   (min 122.85, max 122.85, spread 0.0%)
shipcreate         read      142.09 M msg/s     3794.1 MB/s   (min 142.09, max 142.09, spread 0.0%)
ship_shallow       write     145.02 M msg/s     3872.5 MB/s   (min 145.02, max 145.02, spread 0.0%)
ship_shallow       read      156.10 M msg/s     4168.3 MB/s   (min 156.10, max 156.10, spread 0.0%)
probe_header       write     336.34 M msg/s     3207.6 MB/s   (min 336.34, max 336.34, spread 0.0%)
probe_header       read      898.63 M msg/s     8570.0 MB/s   (min 898.63, max 898.63, spread 0.0%)
probebits          write     198.23 M msg/s     4915.3 MB/s   (min 198.23, max 198.23, spread 0.0%)
probebits          read      442.18 M msg/s    10964.1 MB/s   (min 442.18, max 442.18, spread 0.0%)
probearray         write      25.31 M msg/s     1134.3 MB/s   (min 25.31, max 25.31, spread 0.0%)
probearray         read       30.82 M msg/s     1381.3 MB/s   (min 30.82, max 30.82, spread 0.0%)
testdata           write      22.01 M msg/s     1931.4 MB/s   (min 22.01, max 22.01, spread 0.0%)
testdata           read       31.00 M msg/s     2719.8 MB/s   (min 31.00, max 31.00, spread 0.0%)
real_packet        write       6.78 M msg/s     1318.4 MB/s   (min 6.78, max 6.78, spread 0.0%)
real_packet        read        9.41 M msg/s     1831.3 MB/s   (min 9.41, max 9.41, spread 0.0%)
message_batch      write     104.40 M msg/s     2489.2 MB/s   (min 104.40, max 104.40, spread 0.0%)
message_batch      read       62.85 M msg/s     1498.4 MB/s   (min 62.85, max 62.85, spread 0.0%)
bench_packet       write     123.33 M msg/s     5763.0 MB/s   (min 123.33, max 123.33, spread 0.0%)
bench_packet       read      220.36 M msg/s    10297.3 MB/s   (min 220.36, max 220.36, spread 0.0%)
bench_ints         write     213.45 M msg/s     2849.9 MB/s   (min 213.45, max 213.45, spread 0.0%)
bench_ints         read      259.61 M msg/s     3466.2 MB/s   (min 259.61, max 259.61, spread 0.0%)
bench_bits         write     278.10 M msg/s     5304.3 MB/s   (min 278.10, max 278.10, spread 0.0%)
bench_bits         read      357.86 M msg/s     6825.6 MB/s   (min 357.86, max 357.86, spread 0.0%)
bench_mixed        write     204.39 M msg/s     4093.3 MB/s   (min 204.39, max 204.39, spread 0.0%)
bench_mixed        read      257.61 M msg/s     5159.2 MB/s   (min 257.61, max 257.61, spread 0.0%)
bitpacker          write       0.07 M msg/s     4071.0 MB/s   (min 0.07, max 0.07, spread 0.0%)
bitpacker          read        0.06 M msg/s     3703.5 MB/s   (min 0.06, max 0.06, spread 0.0%)
OK (corpus_id 7a7c343f1a446f4c)
results: build/bench/pass-20260817-095238/round-1-cpp-b.csv
=== leg round-1-cpp-b OK 2026-08-17T09:56:55Z
--- pscheck [before-round-1-c-b] 2026-08-17T09:56:55Z load=0.98 2.05 4.40
  clean: none of ours running
=== leg round-1-c-b START 2026-08-17T09:56:55Z (bench/run.sh --only c --compiler g++ --bare --round 1 --reuse-build --out build/bench/pass-20260817-095238/round-1-c-b.csv)
== c: reusing build/bench/schema_bench_c ==
== c: run (Release) ==
schema bench (c, Release)
rigidbody_moving   write     127.56 M msg/s    12773.4 MB/s   (min 127.56, max 127.56, spread 0.0%)
rigidbody_moving   read      197.31 M msg/s    19757.9 MB/s   (min 197.31, max 197.31, spread 0.0%)
rigidbody_at_rest  write     208.29 M msg/s    11322.7 MB/s   (min 208.29, max 208.29, spread 0.0%)
rigidbody_at_rest  read       97.33 M msg/s     5290.6 MB/s   (min 97.33, max 97.33, spread 0.0%)
chat               write      66.02 M msg/s      818.5 MB/s   (min 66.02, max 66.02, spread 0.0%)
chat               read       99.96 M msg/s     1239.3 MB/s   (min 99.96, max 99.96, spread 0.0%)
test               write     403.46 M msg/s     2308.6 MB/s   (min 403.46, max 403.46, spread 0.0%)
test               read      738.18 M msg/s     4223.9 MB/s   (min 738.18, max 738.18, spread 0.0%)
inputpacket        write      55.21 M msg/s     3211.9 MB/s   (min 55.21, max 55.21, spread 0.0%)
inputpacket        read       26.61 M msg/s     1548.0 MB/s   (min 26.61, max 26.61, spread 0.0%)
shipcreate         write      82.54 M msg/s     2204.2 MB/s   (min 82.54, max 82.54, spread 0.0%)
shipcreate         read      136.31 M msg/s     3639.7 MB/s   (min 136.31, max 136.31, spread 0.0%)
ship_shallow       write      98.48 M msg/s     2629.7 MB/s   (min 98.48, max 98.48, spread 0.0%)
ship_shallow       read      156.11 M msg/s     4168.6 MB/s   (min 156.11, max 156.11, spread 0.0%)
probe_header       write     388.38 M msg/s     3703.9 MB/s   (min 388.38, max 388.38, spread 0.0%)
probe_header       read      893.80 M msg/s     8524.0 MB/s   (min 893.80, max 893.80, spread 0.0%)
probebits          write     246.65 M msg/s     6115.8 MB/s   (min 246.65, max 246.65, spread 0.0%)
probebits          read      432.10 M msg/s    10714.2 MB/s   (min 432.10, max 432.10, spread 0.0%)
probearray         write      49.32 M msg/s     2210.8 MB/s   (min 49.32, max 49.32, spread 0.0%)
probearray         read       77.66 M msg/s     3481.1 MB/s   (min 77.66, max 77.66, spread 0.0%)
testdata           write      20.94 M msg/s     1837.2 MB/s   (min 20.94, max 20.94, spread 0.0%)
testdata           read       48.56 M msg/s     4260.8 MB/s   (min 48.56, max 48.56, spread 0.0%)
real_packet        write       6.29 M msg/s     1223.1 MB/s   (min 6.29, max 6.29, spread 0.0%)
real_packet        read        7.90 M msg/s     1537.9 MB/s   (min 7.90, max 7.90, spread 0.0%)
message_batch      write      92.31 M msg/s     2200.9 MB/s   (min 92.31, max 92.31, spread 0.0%)
message_batch      read       59.99 M msg/s     1430.2 MB/s   (min 59.99, max 59.99, spread 0.0%)
bench_packet       write      68.51 M msg/s     3201.6 MB/s   (min 68.51, max 68.51, spread 0.0%)
bench_packet       read      104.07 M msg/s     4863.1 MB/s   (min 104.07, max 104.07, spread 0.0%)
bench_ints         write      99.53 M msg/s     1328.9 MB/s   (min 99.53, max 99.53, spread 0.0%)
bench_ints         read      142.23 M msg/s     1898.9 MB/s   (min 142.23, max 142.23, spread 0.0%)
bench_bits         write     285.72 M msg/s     5449.6 MB/s   (min 285.72, max 285.72, spread 0.0%)
bench_bits         read      358.16 M msg/s     6831.4 MB/s   (min 358.16, max 358.16, spread 0.0%)
bench_mixed        write      86.04 M msg/s     1723.1 MB/s   (min 86.04, max 86.04, spread 0.0%)
bench_mixed        read      132.04 M msg/s     2644.4 MB/s   (min 132.04, max 132.04, spread 0.0%)
bitpacker          write       0.06 M msg/s     3986.4 MB/s   (min 0.06, max 0.06, spread 0.0%)
bitpacker          read        0.06 M msg/s     3763.2 MB/s   (min 0.06, max 0.06, spread 0.0%)
OK (corpus_id 7a7c343f1a446f4c)
results: build/bench/pass-20260817-095238/round-1-c-b.csv
=== leg round-1-c-b OK 2026-08-17T09:57:23Z
--- pscheck [before-round-1-cpp] 2026-08-17T09:57:23Z load=1.07 1.96 4.30
  clean: none of ours running
=== leg round-1-cpp START 2026-08-17T09:57:23Z (bench/run.sh --only cpp --compiler g++ --bare --round 1 --reuse-build --out build/bench/pass-20260817-095238/round-1-cpp.csv)
== cpp: reusing build/bench/schema_bench_cpp ==
== cpp: run (Release) ==
schema bench (cpp, Release)
rigidbody_moving   write     132.13 M msg/s    13230.9 MB/s   (min 132.13, max 132.13, spread 0.0%)
rigidbody_moving   read      178.79 M msg/s    17903.6 MB/s   (min 178.79, max 178.79, spread 0.0%)
rigidbody_at_rest  write     308.32 M msg/s    16759.9 MB/s   (min 308.32, max 308.32, spread 0.0%)
rigidbody_at_rest  read       97.33 M msg/s     5290.6 MB/s   (min 97.33, max 97.33, spread 0.0%)
chat               write      69.78 M msg/s      865.1 MB/s   (min 69.78, max 69.78, spread 0.0%)
chat               read       99.95 M msg/s     1239.2 MB/s   (min 99.95, max 99.95, spread 0.0%)
test               write     246.65 M msg/s     1411.4 MB/s   (min 246.65, max 246.65, spread 0.0%)
test               read      732.58 M msg/s     4191.8 MB/s   (min 732.58, max 732.58, spread 0.0%)
inputpacket        write      51.33 M msg/s     2986.2 MB/s   (min 51.33, max 51.33, spread 0.0%)
inputpacket        read       40.20 M msg/s     2338.4 MB/s   (min 40.20, max 40.20, spread 0.0%)
shipcreate         write     122.88 M msg/s     3281.3 MB/s   (min 122.88, max 122.88, spread 0.0%)
shipcreate         read      142.26 M msg/s     3798.7 MB/s   (min 142.26, max 142.26, spread 0.0%)
ship_shallow       write     145.03 M msg/s     3872.6 MB/s   (min 145.03, max 145.03, spread 0.0%)
ship_shallow       read      156.10 M msg/s     4168.4 MB/s   (min 156.10, max 156.10, spread 0.0%)
probe_header       write     336.34 M msg/s     3207.6 MB/s   (min 336.34, max 336.34, spread 0.0%)
probe_header       read      894.07 M msg/s     8526.5 MB/s   (min 894.07, max 894.07, spread 0.0%)
probebits          write     199.29 M msg/s     4941.5 MB/s   (min 199.29, max 199.29, spread 0.0%)
probebits          read      440.82 M msg/s    10930.3 MB/s   (min 440.82, max 440.82, spread 0.0%)
probearray         write      25.20 M msg/s     1129.6 MB/s   (min 25.20, max 25.20, spread 0.0%)
probearray         read       30.95 M msg/s     1387.4 MB/s   (min 30.95, max 30.95, spread 0.0%)
testdata           write      22.63 M msg/s     1985.5 MB/s   (min 22.63, max 22.63, spread 0.0%)
testdata           read       30.90 M msg/s     2710.8 MB/s   (min 30.90, max 30.90, spread 0.0%)
real_packet        write       6.93 M msg/s     1347.5 MB/s   (min 6.93, max 6.93, spread 0.0%)
real_packet        read        9.43 M msg/s     1834.3 MB/s   (min 9.43, max 9.43, spread 0.0%)
message_batch      write     100.57 M msg/s     2397.8 MB/s   (min 100.57, max 100.57, spread 0.0%)
message_batch      read       61.78 M msg/s     1472.8 MB/s   (min 61.78, max 61.78, spread 0.0%)
bench_packet       write     123.33 M msg/s     5763.1 MB/s   (min 123.33, max 123.33, spread 0.0%)
bench_packet       read      231.14 M msg/s    10801.1 MB/s   (min 231.14, max 231.14, spread 0.0%)
bench_ints         write     213.34 M msg/s     2848.4 MB/s   (min 213.34, max 213.34, spread 0.0%)
bench_ints         read      259.73 M msg/s     3467.8 MB/s   (min 259.73, max 259.73, spread 0.0%)
bench_bits         write     279.82 M msg/s     5337.1 MB/s   (min 279.82, max 279.82, spread 0.0%)
bench_bits         read      365.13 M msg/s     6964.2 MB/s   (min 365.13, max 365.13, spread 0.0%)
bench_mixed        write     206.53 M msg/s     4136.3 MB/s   (min 206.53, max 206.53, spread 0.0%)
bench_mixed        read      256.71 M msg/s     5141.1 MB/s   (min 256.71, max 256.71, spread 0.0%)
bitpacker          write       0.07 M msg/s     4070.4 MB/s   (min 0.07, max 0.07, spread 0.0%)
bitpacker          read        0.06 M msg/s     3709.1 MB/s   (min 0.06, max 0.06, spread 0.0%)
OK (corpus_id 7a7c343f1a446f4c)
results: build/bench/pass-20260817-095238/round-1-cpp.csv
=== leg round-1-cpp OK 2026-08-17T09:57:50Z
--- pscheck [before-round-1-c] 2026-08-17T09:57:50Z load=1.04 1.89 4.21
  clean: none of ours running
=== leg round-1-c START 2026-08-17T09:57:50Z (bench/run.sh --only c --compiler g++ --bare --round 1 --reuse-build --out build/bench/pass-20260817-095238/round-1-c.csv)
== c: reusing build/bench/schema_bench_c ==
== c: run (Release) ==
schema bench (c, Release)
rigidbody_moving   write     114.27 M msg/s    11442.8 MB/s   (min 114.27, max 114.27, spread 0.0%)
rigidbody_moving   read      195.99 M msg/s    19625.3 MB/s   (min 195.99, max 195.99, spread 0.0%)
rigidbody_at_rest  write     131.37 M msg/s     7141.2 MB/s   (min 131.37, max 131.37, spread 0.0%)
rigidbody_at_rest  read       97.33 M msg/s     5290.6 MB/s   (min 97.33, max 97.33, spread 0.0%)
chat               write      65.98 M msg/s      818.0 MB/s   (min 65.98, max 65.98, spread 0.0%)
chat               read       95.32 M msg/s     1181.8 MB/s   (min 95.32, max 95.32, spread 0.0%)
test               write     403.63 M msg/s     2309.6 MB/s   (min 403.63, max 403.63, spread 0.0%)
test               read      735.16 M msg/s     4206.6 MB/s   (min 735.16, max 735.16, spread 0.0%)
inputpacket        write      55.21 M msg/s     3211.9 MB/s   (min 55.21, max 55.21, spread 0.0%)
inputpacket        read       26.61 M msg/s     1548.0 MB/s   (min 26.61, max 26.61, spread 0.0%)
shipcreate         write      78.72 M msg/s     2102.0 MB/s   (min 78.72, max 78.72, spread 0.0%)
shipcreate         read      137.66 M msg/s     3675.9 MB/s   (min 137.66, max 137.66, spread 0.0%)
ship_shallow       write      90.24 M msg/s     2409.6 MB/s   (min 90.24, max 90.24, spread 0.0%)
ship_shallow       read      155.62 M msg/s     4155.5 MB/s   (min 155.62, max 155.62, spread 0.0%)
probe_header       write     369.98 M msg/s     3528.4 MB/s   (min 369.98, max 369.98, spread 0.0%)
probe_header       read      884.13 M msg/s     8431.8 MB/s   (min 884.13, max 884.13, spread 0.0%)
probebits          write     246.65 M msg/s     6115.9 MB/s   (min 246.65, max 246.65, spread 0.0%)
probebits          read      428.55 M msg/s    10626.1 MB/s   (min 428.55, max 428.55, spread 0.0%)
probearray         write      49.32 M msg/s     2210.8 MB/s   (min 49.32, max 49.32, spread 0.0%)
probearray         read       78.67 M msg/s     3526.1 MB/s   (min 78.67, max 78.67, spread 0.0%)
testdata           write      20.96 M msg/s     1838.9 MB/s   (min 20.96, max 20.96, spread 0.0%)
testdata           read       47.17 M msg/s     4138.8 MB/s   (min 47.17, max 47.17, spread 0.0%)
real_packet        write       6.33 M msg/s     1230.6 MB/s   (min 6.33, max 6.33, spread 0.0%)
real_packet        read        7.91 M msg/s     1539.3 MB/s   (min 7.91, max 7.91, spread 0.0%)
message_batch      write      92.06 M msg/s     2195.0 MB/s   (min 92.06, max 92.06, spread 0.0%)
message_batch      read       62.13 M msg/s     1481.4 MB/s   (min 62.13, max 62.13, spread 0.0%)
bench_packet       write      68.51 M msg/s     3201.4 MB/s   (min 68.51, max 68.51, spread 0.0%)
bench_packet       read      104.07 M msg/s     4863.1 MB/s   (min 104.07, max 104.07, spread 0.0%)
bench_ints         write      94.87 M msg/s     1266.6 MB/s   (min 94.87, max 94.87, spread 0.0%)
bench_ints         read      142.25 M msg/s     1899.3 MB/s   (min 142.25, max 142.25, spread 0.0%)
bench_bits         write     291.61 M msg/s     5562.0 MB/s   (min 291.61, max 291.61, spread 0.0%)
bench_bits         read      356.34 M msg/s     6796.7 MB/s   (min 356.34, max 356.34, spread 0.0%)
bench_mixed        write      86.01 M msg/s     1722.6 MB/s   (min 86.01, max 86.01, spread 0.0%)
bench_mixed        read      132.07 M msg/s     2644.9 MB/s   (min 132.07, max 132.07, spread 0.0%)
bitpacker          write       0.06 M msg/s     3987.2 MB/s   (min 0.06, max 0.06, spread 0.0%)
bitpacker          read        0.06 M msg/s     3762.8 MB/s   (min 0.06, max 0.06, spread 0.0%)
OK (corpus_id 7a7c343f1a446f4c)
results: build/bench/pass-20260817-095238/round-1-c.csv
=== leg round-1-c OK 2026-08-17T09:58:19Z
boundary: load1=0.97 foreign=1
--- pscheck [before-round-2-cpp] 2026-08-17T09:58:19Z load=0.97 1.78 4.10
  clean: none of ours running
=== leg round-2-cpp START 2026-08-17T09:58:19Z (bench/run.sh --only cpp --compiler g++ --bare --round 2 --reuse-build --out build/bench/pass-20260817-095238/round-2-cpp.csv)
== cpp: reusing build/bench/schema_bench_cpp ==
== cpp: run (Release) ==
schema bench (cpp, Release)
rigidbody_moving   write     132.13 M msg/s    13230.5 MB/s   (min 132.13, max 132.13, spread 0.0%)
rigidbody_moving   read      179.66 M msg/s    17990.9 MB/s   (min 179.66, max 179.66, spread 0.0%)
rigidbody_at_rest  write     264.27 M msg/s    14365.3 MB/s   (min 264.27, max 264.27, spread 0.0%)
rigidbody_at_rest  read       97.34 M msg/s     5291.1 MB/s   (min 97.34, max 97.34, spread 0.0%)
chat               write      68.67 M msg/s      851.4 MB/s   (min 68.67, max 68.67, spread 0.0%)
chat               read       99.97 M msg/s     1239.4 MB/s   (min 99.97, max 99.97, spread 0.0%)
test               write     246.68 M msg/s     1411.5 MB/s   (min 246.68, max 246.68, spread 0.0%)
test               read      737.06 M msg/s     4217.5 MB/s   (min 737.06, max 737.06, spread 0.0%)
inputpacket        write      59.67 M msg/s     3471.4 MB/s   (min 59.67, max 59.67, spread 0.0%)
inputpacket        read       40.20 M msg/s     2338.3 MB/s   (min 40.20, max 40.20, spread 0.0%)
shipcreate         write     122.83 M msg/s     3279.9 MB/s   (min 122.83, max 122.83, spread 0.0%)
shipcreate         read      145.29 M msg/s     3879.8 MB/s   (min 145.29, max 145.29, spread 0.0%)
ship_shallow       write     145.02 M msg/s     3872.5 MB/s   (min 145.02, max 145.02, spread 0.0%)
ship_shallow       read      156.00 M msg/s     4165.6 MB/s   (min 156.00, max 156.00, spread 0.0%)
probe_header       write     336.34 M msg/s     3207.6 MB/s   (min 336.34, max 336.34, spread 0.0%)
probe_header       read      900.34 M msg/s     8586.3 MB/s   (min 900.34, max 900.34, spread 0.0%)
probebits          write     198.79 M msg/s     4929.1 MB/s   (min 198.79, max 198.79, spread 0.0%)
probebits          read      440.54 M msg/s    10923.4 MB/s   (min 440.54, max 440.54, spread 0.0%)
probearray         write      25.31 M msg/s     1134.6 MB/s   (min 25.31, max 25.31, spread 0.0%)
probearray         read       30.91 M msg/s     1385.6 MB/s   (min 30.91, max 30.91, spread 0.0%)
testdata           write      22.02 M msg/s     1931.7 MB/s   (min 22.02, max 22.02, spread 0.0%)
testdata           read       30.93 M msg/s     2713.3 MB/s   (min 30.93, max 30.93, spread 0.0%)
real_packet        write       6.83 M msg/s     1327.9 MB/s   (min 6.83, max 6.83, spread 0.0%)
real_packet        read        9.43 M msg/s     1834.7 MB/s   (min 9.43, max 9.43, spread 0.0%)
message_batch      write     103.93 M msg/s     2477.8 MB/s   (min 103.93, max 103.93, spread 0.0%)
message_batch      read       62.49 M msg/s     1490.0 MB/s   (min 62.49, max 62.49, spread 0.0%)
bench_packet       write     123.33 M msg/s     5763.0 MB/s   (min 123.33, max 123.33, spread 0.0%)
bench_packet       read      221.74 M msg/s    10361.8 MB/s   (min 221.74, max 221.74, spread 0.0%)
bench_ints         write     213.25 M msg/s     2847.2 MB/s   (min 213.25, max 213.25, spread 0.0%)
bench_ints         read      258.75 M msg/s     3454.7 MB/s   (min 258.75, max 258.75, spread 0.0%)
bench_bits         write     279.81 M msg/s     5336.9 MB/s   (min 279.81, max 279.81, spread 0.0%)
bench_bits         read      353.17 M msg/s     6736.1 MB/s   (min 353.17, max 353.17, spread 0.0%)
bench_mixed        write     207.44 M msg/s     4154.4 MB/s   (min 207.44, max 207.44, spread 0.0%)
bench_mixed        read      255.76 M msg/s     5122.1 MB/s   (min 255.76, max 255.76, spread 0.0%)
bitpacker          write       0.07 M msg/s     4071.0 MB/s   (min 0.07, max 0.07, spread 0.0%)
bitpacker          read        0.06 M msg/s     3709.3 MB/s   (min 0.06, max 0.06, spread 0.0%)
OK (corpus_id 7a7c343f1a446f4c)
results: build/bench/pass-20260817-095238/round-2-cpp.csv
=== leg round-2-cpp OK 2026-08-17T09:58:47Z
--- pscheck [before-round-2-c] 2026-08-17T09:58:47Z load=0.99 1.71 4.00
  clean: none of ours running
=== leg round-2-c START 2026-08-17T09:58:47Z (bench/run.sh --only c --compiler g++ --bare --round 2 --reuse-build --out build/bench/pass-20260817-095238/round-2-c.csv)
== c: reusing build/bench/schema_bench_c ==
== c: run (Release) ==
schema bench (c, Release)
rigidbody_moving   write     127.58 M msg/s    12774.8 MB/s   (min 127.58, max 127.58, spread 0.0%)
rigidbody_moving   read      196.58 M msg/s    19684.7 MB/s   (min 196.58, max 196.58, spread 0.0%)
rigidbody_at_rest  write     207.76 M msg/s    11293.9 MB/s   (min 207.76, max 207.76, spread 0.0%)
rigidbody_at_rest  read       97.33 M msg/s     5290.5 MB/s   (min 97.33, max 97.33, spread 0.0%)
chat               write      65.99 M msg/s      818.1 MB/s   (min 65.99, max 65.99, spread 0.0%)
chat               read       99.96 M msg/s     1239.3 MB/s   (min 99.96, max 99.96, spread 0.0%)
test               write     403.76 M msg/s     2310.3 MB/s   (min 403.76, max 403.76, spread 0.0%)
test               read      740.22 M msg/s     4235.6 MB/s   (min 740.22, max 740.22, spread 0.0%)
inputpacket        write      55.21 M msg/s     3211.9 MB/s   (min 55.21, max 55.21, spread 0.0%)
inputpacket        read       26.80 M msg/s     1559.3 MB/s   (min 26.80, max 26.80, spread 0.0%)
shipcreate         write      84.07 M msg/s     2244.8 MB/s   (min 84.07, max 84.07, spread 0.0%)
shipcreate         read      136.31 M msg/s     3639.8 MB/s   (min 136.31, max 136.31, spread 0.0%)
ship_shallow       write      98.57 M msg/s     2632.2 MB/s   (min 98.57, max 98.57, spread 0.0%)
ship_shallow       read      155.99 M msg/s     4165.4 MB/s   (min 155.99, max 155.99, spread 0.0%)
probe_header       write     388.03 M msg/s     3700.5 MB/s   (min 388.03, max 388.03, spread 0.0%)
probe_header       read      890.75 M msg/s     8494.8 MB/s   (min 890.75, max 890.75, spread 0.0%)
probebits          write     246.65 M msg/s     6115.8 MB/s   (min 246.65, max 246.65, spread 0.0%)
probebits          read      428.72 M msg/s    10630.3 MB/s   (min 428.72, max 428.72, spread 0.0%)
probearray         write      49.32 M msg/s     2210.8 MB/s   (min 49.32, max 49.32, spread 0.0%)
probearray         read       78.62 M msg/s     3524.0 MB/s   (min 78.62, max 78.62, spread 0.0%)
testdata           write      20.92 M msg/s     1835.6 MB/s   (min 20.92, max 20.92, spread 0.0%)
testdata           read       48.49 M msg/s     4254.6 MB/s   (min 48.49, max 48.49, spread 0.0%)
real_packet        write       6.30 M msg/s     1226.4 MB/s   (min 6.30, max 6.30, spread 0.0%)
real_packet        read        7.92 M msg/s     1539.9 MB/s   (min 7.92, max 7.92, spread 0.0%)
message_batch      write      94.08 M msg/s     2242.9 MB/s   (min 94.08, max 94.08, spread 0.0%)
message_batch      read       60.03 M msg/s     1431.2 MB/s   (min 60.03, max 60.03, spread 0.0%)
bench_packet       write      68.51 M msg/s     3201.7 MB/s   (min 68.51, max 68.51, spread 0.0%)
bench_packet       read      104.07 M msg/s     4863.1 MB/s   (min 104.07, max 104.07, spread 0.0%)
bench_ints         write      99.38 M msg/s     1326.9 MB/s   (min 99.38, max 99.38, spread 0.0%)
bench_ints         read      142.25 M msg/s     1899.3 MB/s   (min 142.25, max 142.25, spread 0.0%)
bench_bits         write     292.95 M msg/s     5587.6 MB/s   (min 292.95, max 292.95, spread 0.0%)
bench_bits         read      357.52 M msg/s     6819.1 MB/s   (min 357.52, max 357.52, spread 0.0%)
bench_mixed        write      86.04 M msg/s     1723.1 MB/s   (min 86.04, max 86.04, spread 0.0%)
bench_mixed        read      131.91 M msg/s     2641.8 MB/s   (min 131.91, max 131.91, spread 0.0%)
bitpacker          write       0.06 M msg/s     3986.3 MB/s   (min 0.06, max 0.06, spread 0.0%)
bitpacker          read        0.06 M msg/s     3763.0 MB/s   (min 0.06, max 0.06, spread 0.0%)
OK (corpus_id 7a7c343f1a446f4c)
results: build/bench/pass-20260817-095238/round-2-c.csv
=== leg round-2-c OK 2026-08-17T09:59:15Z
--- pscheck [before-round-2-cpp-b] 2026-08-17T09:59:15Z load=0.99 1.65 3.92
  clean: none of ours running
=== leg round-2-cpp-b START 2026-08-17T09:59:15Z (bench/run.sh --only cpp --compiler g++ --bare --round 2 --reuse-build --out build/bench/pass-20260817-095238/round-2-cpp-b.csv)
== cpp: reusing build/bench/schema_bench_cpp ==
== cpp: run (Release) ==
schema bench (cpp, Release)
rigidbody_moving   write     132.11 M msg/s    13229.0 MB/s   (min 132.11, max 132.11, spread 0.0%)
rigidbody_moving   read      179.66 M msg/s    17990.0 MB/s   (min 179.66, max 179.66, spread 0.0%)
rigidbody_at_rest  write     264.25 M msg/s    14364.6 MB/s   (min 264.25, max 264.25, spread 0.0%)
rigidbody_at_rest  read       97.33 M msg/s     5290.6 MB/s   (min 97.33, max 97.33, spread 0.0%)
chat               write      69.71 M msg/s      864.2 MB/s   (min 69.71, max 69.71, spread 0.0%)
chat               read       96.35 M msg/s     1194.5 MB/s   (min 96.35, max 96.35, spread 0.0%)
test               write     246.68 M msg/s     1411.5 MB/s   (min 246.68, max 246.68, spread 0.0%)
test               read      736.19 M msg/s     4212.5 MB/s   (min 736.19, max 736.19, spread 0.0%)
inputpacket        write      58.72 M msg/s     3416.2 MB/s   (min 58.72, max 58.72, spread 0.0%)
inputpacket        read       40.64 M msg/s     2364.1 MB/s   (min 40.64, max 40.64, spread 0.0%)
shipcreate         write     122.86 M msg/s     3280.8 MB/s   (min 122.86, max 122.86, spread 0.0%)
shipcreate         read      142.08 M msg/s     3794.0 MB/s   (min 142.08, max 142.08, spread 0.0%)
ship_shallow       write     145.03 M msg/s     3872.6 MB/s   (min 145.03, max 145.03, spread 0.0%)
ship_shallow       read      156.24 M msg/s     4172.1 MB/s   (min 156.24, max 156.24, spread 0.0%)
probe_header       write     336.34 M msg/s     3207.6 MB/s   (min 336.34, max 336.34, spread 0.0%)
probe_header       read      899.65 M msg/s     8579.8 MB/s   (min 899.65, max 899.65, spread 0.0%)
probebits          write     198.87 M msg/s     4931.1 MB/s   (min 198.87, max 198.87, spread 0.0%)
probebits          read      442.18 M msg/s    10964.1 MB/s   (min 442.18, max 442.18, spread 0.0%)
probearray         write      25.41 M msg/s     1138.9 MB/s   (min 25.41, max 25.41, spread 0.0%)
probearray         read       30.91 M msg/s     1385.6 MB/s   (min 30.91, max 30.91, spread 0.0%)
testdata           write      22.01 M msg/s     1931.5 MB/s   (min 22.01, max 22.01, spread 0.0%)
testdata           read       31.01 M msg/s     2721.1 MB/s   (min 31.01, max 31.01, spread 0.0%)
real_packet        write       6.90 M msg/s     1342.4 MB/s   (min 6.90, max 6.90, spread 0.0%)
real_packet        read        9.44 M msg/s     1836.4 MB/s   (min 9.44, max 9.44, spread 0.0%)
message_batch      write     104.93 M msg/s     2501.7 MB/s   (min 104.93, max 104.93, spread 0.0%)
message_batch      read       62.49 M msg/s     1489.8 MB/s   (min 62.49, max 62.49, spread 0.0%)
bench_packet       write     123.33 M msg/s     5763.1 MB/s   (min 123.33, max 123.33, spread 0.0%)
bench_packet       read      222.24 M msg/s    10385.2 MB/s   (min 222.24, max 222.24, spread 0.0%)
bench_ints         write     213.25 M msg/s     2847.2 MB/s   (min 213.25, max 213.25, spread 0.0%)
bench_ints         read      260.39 M msg/s     3476.6 MB/s   (min 260.39, max 260.39, spread 0.0%)
bench_bits         write     276.67 M msg/s     5277.0 MB/s   (min 276.67, max 276.67, spread 0.0%)
bench_bits         read      354.48 M msg/s     6761.1 MB/s   (min 354.48, max 354.48, spread 0.0%)
bench_mixed        write     211.10 M msg/s     4227.7 MB/s   (min 211.10, max 211.10, spread 0.0%)
bench_mixed        read      257.18 M msg/s     5150.6 MB/s   (min 257.18, max 257.18, spread 0.0%)
bitpacker          write       0.07 M msg/s     4070.7 MB/s   (min 0.07, max 0.07, spread 0.0%)
bitpacker          read        0.06 M msg/s     3707.2 MB/s   (min 0.06, max 0.06, spread 0.0%)
OK (corpus_id 7a7c343f1a446f4c)
results: build/bench/pass-20260817-095238/round-2-cpp-b.csv
=== leg round-2-cpp-b OK 2026-08-17T09:59:42Z
--- pscheck [before-round-2-c-b] 2026-08-17T09:59:42Z load=1.00 1.59 3.83
  clean: none of ours running
=== leg round-2-c-b START 2026-08-17T09:59:42Z (bench/run.sh --only c --compiler g++ --bare --round 2 --reuse-build --out build/bench/pass-20260817-095238/round-2-c-b.csv)
== c: reusing build/bench/schema_bench_c ==
== c: run (Release) ==
schema bench (c, Release)
rigidbody_moving   write     127.58 M msg/s    12774.9 MB/s   (min 127.58, max 127.58, spread 0.0%)
rigidbody_moving   read      197.01 M msg/s    19727.5 MB/s   (min 197.01, max 197.01, spread 0.0%)
rigidbody_at_rest  write     206.79 M msg/s    11240.9 MB/s   (min 206.79, max 206.79, spread 0.0%)
rigidbody_at_rest  read       97.33 M msg/s     5290.6 MB/s   (min 97.33, max 97.33, spread 0.0%)
chat               write      65.99 M msg/s      818.1 MB/s   (min 65.99, max 65.99, spread 0.0%)
chat               read       99.96 M msg/s     1239.3 MB/s   (min 99.96, max 99.96, spread 0.0%)
test               write     403.52 M msg/s     2309.0 MB/s   (min 403.52, max 403.52, spread 0.0%)
test               read      732.11 M msg/s     4189.1 MB/s   (min 732.11, max 732.11, spread 0.0%)
inputpacket        write      55.22 M msg/s     3212.3 MB/s   (min 55.22, max 55.22, spread 0.0%)
inputpacket        read       22.80 M msg/s     1326.5 MB/s   (min 22.80, max 22.80, spread 0.0%)
shipcreate         write      78.60 M msg/s     2098.9 MB/s   (min 78.60, max 78.60, spread 0.0%)
shipcreate         read      134.04 M msg/s     3579.3 MB/s   (min 134.04, max 134.04, spread 0.0%)
ship_shallow       write      90.24 M msg/s     2409.6 MB/s   (min 90.24, max 90.24, spread 0.0%)
ship_shallow       read      156.42 M msg/s     4176.8 MB/s   (min 156.42, max 156.42, spread 0.0%)
probe_header       write     369.98 M msg/s     3528.4 MB/s   (min 369.98, max 369.98, spread 0.0%)
probe_header       read      885.26 M msg/s     8442.5 MB/s   (min 885.26, max 885.26, spread 0.0%)
probebits          write     246.65 M msg/s     6115.8 MB/s   (min 246.65, max 246.65, spread 0.0%)
probebits          read      427.12 M msg/s    10590.5 MB/s   (min 427.12, max 427.12, spread 0.0%)
probearray         write      49.32 M msg/s     2210.7 MB/s   (min 49.32, max 49.32, spread 0.0%)
probearray         read       78.68 M msg/s     3526.6 MB/s   (min 78.68, max 78.68, spread 0.0%)
testdata           write      20.93 M msg/s     1836.7 MB/s   (min 20.93, max 20.93, spread 0.0%)
testdata           read       48.03 M msg/s     4213.7 MB/s   (min 48.03, max 48.03, spread 0.0%)
real_packet        write       6.26 M msg/s     1217.5 MB/s   (min 6.26, max 6.26, spread 0.0%)
real_packet        read        7.91 M msg/s     1538.5 MB/s   (min 7.91, max 7.91, spread 0.0%)
message_batch      write      92.80 M msg/s     2212.4 MB/s   (min 92.80, max 92.80, spread 0.0%)
message_batch      read       61.82 M msg/s     1473.9 MB/s   (min 61.82, max 61.82, spread 0.0%)
bench_packet       write      68.50 M msg/s     3201.0 MB/s   (min 68.50, max 68.50, spread 0.0%)
bench_packet       read      104.15 M msg/s     4867.1 MB/s   (min 104.15, max 104.15, spread 0.0%)
bench_ints         write      94.86 M msg/s     1266.6 MB/s   (min 94.86, max 94.86, spread 0.0%)
bench_ints         read      142.26 M msg/s     1899.3 MB/s   (min 142.26, max 142.26, spread 0.0%)
bench_bits         write     287.70 M msg/s     5487.4 MB/s   (min 287.70, max 287.70, spread 0.0%)
bench_bits         read      359.93 M msg/s     6865.0 MB/s   (min 359.93, max 359.93, spread 0.0%)
bench_mixed        write      86.04 M msg/s     1723.1 MB/s   (min 86.04, max 86.04, spread 0.0%)
bench_mixed        read      132.09 M msg/s     2645.4 MB/s   (min 132.09, max 132.09, spread 0.0%)
bitpacker          write       0.06 M msg/s     3987.1 MB/s   (min 0.06, max 0.06, spread 0.0%)
bitpacker          read        0.06 M msg/s     3762.3 MB/s   (min 0.06, max 0.06, spread 0.0%)
OK (corpus_id 7a7c343f1a446f4c)
results: build/bench/pass-20260817-095238/round-2-c-b.csv
=== leg round-2-c-b OK 2026-08-17T10:00:11Z
boundary: load1=1.00 foreign=0
--- pscheck [before-round-3-cpp-b] 2026-08-17T10:00:11Z load=1.00 1.54 3.75
  clean: none of ours running
=== leg round-3-cpp-b START 2026-08-17T10:00:11Z (bench/run.sh --only cpp --compiler g++ --bare --round 3 --reuse-build --out build/bench/pass-20260817-095238/round-3-cpp-b.csv)
== cpp: reusing build/bench/schema_bench_cpp ==
== cpp: run (Release) ==
schema bench (cpp, Release)
rigidbody_moving   write     132.13 M msg/s    13231.0 MB/s   (min 132.13, max 132.13, spread 0.0%)
rigidbody_moving   read      180.95 M msg/s    18119.9 MB/s   (min 180.95, max 180.95, spread 0.0%)
rigidbody_at_rest  write     264.26 M msg/s    14365.3 MB/s   (min 264.26, max 264.26, spread 0.0%)
rigidbody_at_rest  read       97.33 M msg/s     5290.5 MB/s   (min 97.33, max 97.33, spread 0.0%)
chat               write      69.69 M msg/s      864.0 MB/s   (min 69.69, max 69.69, spread 0.0%)
chat               read       96.37 M msg/s     1194.7 MB/s   (min 96.37, max 96.37, spread 0.0%)
test               write     246.65 M msg/s     1411.3 MB/s   (min 246.65, max 246.65, spread 0.0%)
test               read      735.82 M msg/s     4210.4 MB/s   (min 735.82, max 735.82, spread 0.0%)
inputpacket        write      58.72 M msg/s     3416.3 MB/s   (min 58.72, max 58.72, spread 0.0%)
inputpacket        read       40.19 M msg/s     2338.3 MB/s   (min 40.19, max 40.19, spread 0.0%)
shipcreate         write     122.82 M msg/s     3279.8 MB/s   (min 122.82, max 122.82, spread 0.0%)
shipcreate         read      142.08 M msg/s     3794.1 MB/s   (min 142.08, max 142.08, spread 0.0%)
ship_shallow       write     145.02 M msg/s     3872.5 MB/s   (min 145.02, max 145.02, spread 0.0%)
ship_shallow       read      156.32 M msg/s     4174.3 MB/s   (min 156.32, max 156.32, spread 0.0%)
probe_header       write     336.34 M msg/s     3207.6 MB/s   (min 336.34, max 336.34, spread 0.0%)
probe_header       read      897.44 M msg/s     8558.6 MB/s   (min 897.44, max 897.44, spread 0.0%)
probebits          write     200.02 M msg/s     4959.6 MB/s   (min 200.02, max 200.02, spread 0.0%)
probebits          read      441.90 M msg/s    10957.2 MB/s   (min 441.90, max 441.90, spread 0.0%)
probearray         write      24.34 M msg/s     1091.2 MB/s   (min 24.34, max 24.34, spread 0.0%)
probearray         read       30.87 M msg/s     1383.5 MB/s   (min 30.87, max 30.87, spread 0.0%)
testdata           write      22.01 M msg/s     1931.5 MB/s   (min 22.01, max 22.01, spread 0.0%)
testdata           read       30.95 M msg/s     2715.2 MB/s   (min 30.95, max 30.95, spread 0.0%)
real_packet        write       6.86 M msg/s     1333.7 MB/s   (min 6.86, max 6.86, spread 0.0%)
real_packet        read        9.43 M msg/s     1834.6 MB/s   (min 9.43, max 9.43, spread 0.0%)
message_batch      write     103.70 M msg/s     2472.5 MB/s   (min 103.70, max 103.70, spread 0.0%)
message_batch      read       63.10 M msg/s     1504.5 MB/s   (min 63.10, max 63.10, spread 0.0%)
bench_packet       write     123.33 M msg/s     5763.0 MB/s   (min 123.33, max 123.33, spread 0.0%)
bench_packet       read      211.64 M msg/s     9889.9 MB/s   (min 211.64, max 211.64, spread 0.0%)
bench_ints         write     213.45 M msg/s     2849.9 MB/s   (min 213.45, max 213.45, spread 0.0%)
bench_ints         read      260.10 M msg/s     3472.7 MB/s   (min 260.10, max 260.10, spread 0.0%)
bench_bits         write     280.08 M msg/s     5342.1 MB/s   (min 280.08, max 280.08, spread 0.0%)
bench_bits         read      352.28 M msg/s     6719.2 MB/s   (min 352.28, max 352.28, spread 0.0%)
bench_mixed        write     207.25 M msg/s     4150.5 MB/s   (min 207.25, max 207.25, spread 0.0%)
bench_mixed        read      257.32 M msg/s     5153.4 MB/s   (min 257.32, max 257.32, spread 0.0%)
bitpacker          write       0.07 M msg/s     4069.2 MB/s   (min 0.07, max 0.07, spread 0.0%)
bitpacker          read        0.06 M msg/s     3709.3 MB/s   (min 0.06, max 0.06, spread 0.0%)
OK (corpus_id 7a7c343f1a446f4c)
results: build/bench/pass-20260817-095238/round-3-cpp-b.csv
=== leg round-3-cpp-b OK 2026-08-17T10:00:39Z
--- pscheck [before-round-3-c-b] 2026-08-17T10:00:39Z load=1.05 1.50 3.67
  clean: none of ours running
=== leg round-3-c-b START 2026-08-17T10:00:39Z (bench/run.sh --only c --compiler g++ --bare --round 3 --reuse-build --out build/bench/pass-20260817-095238/round-3-c-b.csv)
== c: reusing build/bench/schema_bench_c ==
== c: run (Release) ==
schema bench (c, Release)
rigidbody_moving   write     127.58 M msg/s    12774.9 MB/s   (min 127.58, max 127.58, spread 0.0%)
rigidbody_moving   read      194.18 M msg/s    19444.0 MB/s   (min 194.18, max 194.18, spread 0.0%)
rigidbody_at_rest  write     206.78 M msg/s    11240.7 MB/s   (min 206.78, max 206.78, spread 0.0%)
rigidbody_at_rest  read       97.32 M msg/s     5290.5 MB/s   (min 97.32, max 97.32, spread 0.0%)
chat               write      65.90 M msg/s      817.0 MB/s   (min 65.90, max 65.90, spread 0.0%)
chat               read       99.96 M msg/s     1239.3 MB/s   (min 99.96, max 99.96, spread 0.0%)
test               write     403.52 M msg/s     2308.9 MB/s   (min 403.52, max 403.52, spread 0.0%)
test               read      732.38 M msg/s     4190.7 MB/s   (min 732.38, max 732.38, spread 0.0%)
inputpacket        write      55.21 M msg/s     3211.9 MB/s   (min 55.21, max 55.21, spread 0.0%)
inputpacket        read       26.61 M msg/s     1548.0 MB/s   (min 26.61, max 26.61, spread 0.0%)
shipcreate         write      78.72 M msg/s     2102.0 MB/s   (min 78.72, max 78.72, spread 0.0%)
shipcreate         read      133.72 M msg/s     3570.8 MB/s   (min 133.72, max 133.72, spread 0.0%)
ship_shallow       write      90.24 M msg/s     2409.6 MB/s   (min 90.24, max 90.24, spread 0.0%)
ship_shallow       read      156.39 M msg/s     4176.0 MB/s   (min 156.39, max 156.39, spread 0.0%)
probe_header       write     369.98 M msg/s     3528.4 MB/s   (min 369.98, max 369.98, spread 0.0%)
probe_header       read      881.71 M msg/s     8408.6 MB/s   (min 881.71, max 881.71, spread 0.0%)
probebits          write     246.65 M msg/s     6115.9 MB/s   (min 246.65, max 246.65, spread 0.0%)
probebits          read      428.07 M msg/s    10614.2 MB/s   (min 428.07, max 428.07, spread 0.0%)
probearray         write      49.32 M msg/s     2210.8 MB/s   (min 49.32, max 49.32, spread 0.0%)
probearray         read       78.66 M msg/s     3525.5 MB/s   (min 78.66, max 78.66, spread 0.0%)
testdata           write      20.94 M msg/s     1837.4 MB/s   (min 20.94, max 20.94, spread 0.0%)
testdata           read       47.98 M msg/s     4209.7 MB/s   (min 47.98, max 47.98, spread 0.0%)
real_packet        write       6.30 M msg/s     1225.2 MB/s   (min 6.30, max 6.30, spread 0.0%)
real_packet        read        7.92 M msg/s     1540.2 MB/s   (min 7.92, max 7.92, spread 0.0%)
message_batch      write      93.59 M msg/s     2231.3 MB/s   (min 93.59, max 93.59, spread 0.0%)
message_batch      read       62.04 M msg/s     1479.1 MB/s   (min 62.04, max 62.04, spread 0.0%)
bench_packet       write      68.49 M msg/s     3200.4 MB/s   (min 68.49, max 68.49, spread 0.0%)
bench_packet       read      104.11 M msg/s     4865.1 MB/s   (min 104.11, max 104.11, spread 0.0%)
bench_ints         write      94.87 M msg/s     1266.6 MB/s   (min 94.87, max 94.87, spread 0.0%)
bench_ints         read      142.24 M msg/s     1899.1 MB/s   (min 142.24, max 142.24, spread 0.0%)
bench_bits         write     292.49 M msg/s     5578.8 MB/s   (min 292.49, max 292.49, spread 0.0%)
bench_bits         read      358.99 M msg/s     6847.1 MB/s   (min 358.99, max 358.99, spread 0.0%)
bench_mixed        write      86.02 M msg/s     1722.7 MB/s   (min 86.02, max 86.02, spread 0.0%)
bench_mixed        read      132.09 M msg/s     2645.4 MB/s   (min 132.09, max 132.09, spread 0.0%)
bitpacker          write       0.06 M msg/s     3985.8 MB/s   (min 0.06, max 0.06, spread 0.0%)
bitpacker          read        0.06 M msg/s     3756.2 MB/s   (min 0.06, max 0.06, spread 0.0%)
OK (corpus_id 7a7c343f1a446f4c)
results: build/bench/pass-20260817-095238/round-3-c-b.csv
=== leg round-3-c-b OK 2026-08-17T10:01:07Z
--- pscheck [before-round-3-cpp] 2026-08-17T10:01:07Z load=1.03 1.45 3.58
  clean: none of ours running
=== leg round-3-cpp START 2026-08-17T10:01:07Z (bench/run.sh --only cpp --compiler g++ --bare --round 3 --reuse-build --out build/bench/pass-20260817-095238/round-3-cpp.csv)
== cpp: reusing build/bench/schema_bench_cpp ==
== cpp: run (Release) ==
schema bench (cpp, Release)
rigidbody_moving   write     132.12 M msg/s    13229.7 MB/s   (min 132.12, max 132.12, spread 0.0%)
rigidbody_moving   read      180.53 M msg/s    18077.4 MB/s   (min 180.53, max 180.53, spread 0.0%)
rigidbody_at_rest  write     264.26 M msg/s    14365.3 MB/s   (min 264.26, max 264.26, spread 0.0%)
rigidbody_at_rest  read       97.34 M msg/s     5291.1 MB/s   (min 97.34, max 97.34, spread 0.0%)
chat               write      69.72 M msg/s      864.4 MB/s   (min 69.72, max 69.72, spread 0.0%)
chat               read       97.82 M msg/s     1212.7 MB/s   (min 97.82, max 97.82, spread 0.0%)
test               write     246.67 M msg/s     1411.5 MB/s   (min 246.67, max 246.67, spread 0.0%)
test               read      733.90 M msg/s     4199.4 MB/s   (min 733.90, max 733.90, spread 0.0%)
inputpacket        write      58.72 M msg/s     3416.3 MB/s   (min 58.72, max 58.72, spread 0.0%)
inputpacket        read       40.20 M msg/s     2338.4 MB/s   (min 40.20, max 40.20, spread 0.0%)
shipcreate         write     122.83 M msg/s     3280.0 MB/s   (min 122.83, max 122.83, spread 0.0%)
shipcreate         read      142.09 M msg/s     3794.1 MB/s   (min 142.09, max 142.09, spread 0.0%)
ship_shallow       write     145.02 M msg/s     3872.5 MB/s   (min 145.02, max 145.02, spread 0.0%)
ship_shallow       read      156.35 M msg/s     4175.1 MB/s   (min 156.35, max 156.35, spread 0.0%)
probe_header       write     336.34 M msg/s     3207.6 MB/s   (min 336.34, max 336.34, spread 0.0%)
probe_header       read      902.06 M msg/s     8602.7 MB/s   (min 902.06, max 902.06, spread 0.0%)
probebits          write     201.18 M msg/s     4988.3 MB/s   (min 201.18, max 201.18, spread 0.0%)
probebits          read      441.64 M msg/s    10950.6 MB/s   (min 441.64, max 441.64, spread 0.0%)
probearray         write      25.02 M msg/s     1121.3 MB/s   (min 25.02, max 25.02, spread 0.0%)
probearray         read       30.97 M msg/s     1388.3 MB/s   (min 30.97, max 30.97, spread 0.0%)
testdata           write      22.02 M msg/s     1932.0 MB/s   (min 22.02, max 22.02, spread 0.0%)
testdata           read       31.03 M msg/s     2722.6 MB/s   (min 31.03, max 31.03, spread 0.0%)
real_packet        write       6.87 M msg/s     1337.5 MB/s   (min 6.87, max 6.87, spread 0.0%)
real_packet        read        9.43 M msg/s     1834.7 MB/s   (min 9.43, max 9.43, spread 0.0%)
message_batch      write     105.76 M msg/s     2521.6 MB/s   (min 105.76, max 105.76, spread 0.0%)
message_batch      read       62.82 M msg/s     1497.7 MB/s   (min 62.82, max 62.82, spread 0.0%)
bench_packet       write     123.33 M msg/s     5763.1 MB/s   (min 123.33, max 123.33, spread 0.0%)
bench_packet       read      232.67 M msg/s    10872.7 MB/s   (min 232.67, max 232.67, spread 0.0%)
bench_ints         write     212.68 M msg/s     2839.6 MB/s   (min 212.68, max 212.68, spread 0.0%)
bench_ints         read      259.40 M msg/s     3463.3 MB/s   (min 259.40, max 259.40, spread 0.0%)
bench_bits         write     275.83 M msg/s     5261.0 MB/s   (min 275.83, max 275.83, spread 0.0%)
bench_bits         read      354.32 M msg/s     6758.1 MB/s   (min 354.32, max 354.32, spread 0.0%)
bench_mixed        write     205.76 M msg/s     4120.8 MB/s   (min 205.76, max 205.76, spread 0.0%)
bench_mixed        read      257.38 M msg/s     5154.5 MB/s   (min 257.38, max 257.38, spread 0.0%)
bitpacker          write       0.07 M msg/s     4070.9 MB/s   (min 0.07, max 0.07, spread 0.0%)
bitpacker          read        0.06 M msg/s     3709.6 MB/s   (min 0.06, max 0.06, spread 0.0%)
OK (corpus_id 7a7c343f1a446f4c)
results: build/bench/pass-20260817-095238/round-3-cpp.csv
=== leg round-3-cpp OK 2026-08-17T10:01:35Z
--- pscheck [before-round-3-c] 2026-08-17T10:01:35Z load=1.02 1.41 3.51
  clean: none of ours running
=== leg round-3-c START 2026-08-17T10:01:35Z (bench/run.sh --only c --compiler g++ --bare --round 3 --reuse-build --out build/bench/pass-20260817-095238/round-3-c.csv)
== c: reusing build/bench/schema_bench_c ==
== c: run (Release) ==
schema bench (c, Release)
rigidbody_moving   write     127.58 M msg/s    12774.9 MB/s   (min 127.58, max 127.58, spread 0.0%)
rigidbody_moving   read      196.50 M msg/s    19676.4 MB/s   (min 196.50, max 196.50, spread 0.0%)
rigidbody_at_rest  write     208.26 M msg/s    11321.0 MB/s   (min 208.26, max 208.26, spread 0.0%)
rigidbody_at_rest  read       97.33 M msg/s     5290.7 MB/s   (min 97.33, max 97.33, spread 0.0%)
chat               write      65.98 M msg/s      818.0 MB/s   (min 65.98, max 65.98, spread 0.0%)
chat               read       99.92 M msg/s     1238.8 MB/s   (min 99.92, max 99.92, spread 0.0%)
test               write     404.19 M msg/s     2312.8 MB/s   (min 404.19, max 404.19, spread 0.0%)
test               read      740.19 M msg/s     4235.4 MB/s   (min 740.19, max 740.19, spread 0.0%)
inputpacket        write      55.21 M msg/s     3211.9 MB/s   (min 55.21, max 55.21, spread 0.0%)
inputpacket        read       21.44 M msg/s     1247.4 MB/s   (min 21.44, max 21.44, spread 0.0%)
shipcreate         write      84.06 M msg/s     2244.8 MB/s   (min 84.06, max 84.06, spread 0.0%)
shipcreate         read      136.21 M msg/s     3637.2 MB/s   (min 136.21, max 136.21, spread 0.0%)
ship_shallow       write      98.66 M msg/s     2634.4 MB/s   (min 98.66, max 98.66, spread 0.0%)
ship_shallow       read      155.98 M msg/s     4165.2 MB/s   (min 155.98, max 155.98, spread 0.0%)
probe_header       write     388.38 M msg/s     3703.9 MB/s   (min 388.38, max 388.38, spread 0.0%)
probe_header       read      893.54 M msg/s     8521.5 MB/s   (min 893.54, max 893.54, spread 0.0%)
probebits          write     246.65 M msg/s     6115.8 MB/s   (min 246.65, max 246.65, spread 0.0%)
probebits          read      426.22 M msg/s    10568.4 MB/s   (min 426.22, max 426.22, spread 0.0%)
probearray         write      49.32 M msg/s     2210.8 MB/s   (min 49.32, max 49.32, spread 0.0%)
probearray         read       78.63 M msg/s     3524.3 MB/s   (min 78.63, max 78.63, spread 0.0%)
testdata           write      20.52 M msg/s     1800.2 MB/s   (min 20.52, max 20.52, spread 0.0%)
testdata           read       48.27 M msg/s     4235.2 MB/s   (min 48.27, max 48.27, spread 0.0%)
real_packet        write       6.26 M msg/s     1217.8 MB/s   (min 6.26, max 6.26, spread 0.0%)
real_packet        read        7.92 M msg/s     1539.9 MB/s   (min 7.92, max 7.92, spread 0.0%)
message_batch      write      93.24 M msg/s     2222.9 MB/s   (min 93.24, max 93.24, spread 0.0%)
message_batch      read       60.32 M msg/s     1438.2 MB/s   (min 60.32, max 60.32, spread 0.0%)
bench_packet       write      68.51 M msg/s     3201.7 MB/s   (min 68.51, max 68.51, spread 0.0%)
bench_packet       read      104.08 M msg/s     4863.5 MB/s   (min 104.08, max 104.08, spread 0.0%)
bench_ints         write      99.50 M msg/s     1328.5 MB/s   (min 99.50, max 99.50, spread 0.0%)
bench_ints         read      142.26 M msg/s     1899.3 MB/s   (min 142.26, max 142.26, spread 0.0%)
bench_bits         write     293.21 M msg/s     5592.6 MB/s   (min 293.21, max 293.21, spread 0.0%)
bench_bits         read      358.74 M msg/s     6842.4 MB/s   (min 358.74, max 358.74, spread 0.0%)
bench_mixed        write      86.04 M msg/s     1723.1 MB/s   (min 86.04, max 86.04, spread 0.0%)
bench_mixed        read      131.98 M msg/s     2643.2 MB/s   (min 131.98, max 131.98, spread 0.0%)
bitpacker          write       0.06 M msg/s     3984.1 MB/s   (min 0.06, max 0.06, spread 0.0%)
bitpacker          read        0.06 M msg/s     3755.3 MB/s   (min 0.06, max 0.06, spread 0.0%)
OK (corpus_id 7a7c343f1a446f4c)
results: build/bench/pass-20260817-095238/round-3-c.csv
=== leg round-3-c OK 2026-08-17T10:02:03Z
boundary: load1=1.01 foreign=0
--- pscheck [before-round-4-cpp] 2026-08-17T10:02:03Z load=1.01 1.37 3.43
  clean: none of ours running
=== leg round-4-cpp START 2026-08-17T10:02:03Z (bench/run.sh --only cpp --compiler g++ --bare --round 4 --reuse-build --out build/bench/pass-20260817-095238/round-4-cpp.csv)
== cpp: reusing build/bench/schema_bench_cpp ==
== cpp: run (Release) ==
schema bench (cpp, Release)
rigidbody_moving   write     132.13 M msg/s    13231.0 MB/s   (min 132.13, max 132.13, spread 0.0%)
rigidbody_moving   read      178.46 M msg/s    17870.2 MB/s   (min 178.46, max 178.46, spread 0.0%)
rigidbody_at_rest  write     305.23 M msg/s    16592.1 MB/s   (min 305.23, max 305.23, spread 0.0%)
rigidbody_at_rest  read       97.33 M msg/s     5290.6 MB/s   (min 97.33, max 97.33, spread 0.0%)
chat               write      69.80 M msg/s      865.3 MB/s   (min 69.80, max 69.80, spread 0.0%)
chat               read       99.96 M msg/s     1239.3 MB/s   (min 99.96, max 99.96, spread 0.0%)
test               write     246.65 M msg/s     1411.4 MB/s   (min 246.65, max 246.65, spread 0.0%)
test               read      732.35 M msg/s     4190.5 MB/s   (min 732.35, max 732.35, spread 0.0%)
inputpacket        write      51.18 M msg/s     2977.6 MB/s   (min 51.18, max 51.18, spread 0.0%)
inputpacket        read       40.64 M msg/s     2364.1 MB/s   (min 40.64, max 40.64, spread 0.0%)
shipcreate         write     122.86 M msg/s     3280.7 MB/s   (min 122.86, max 122.86, spread 0.0%)
shipcreate         read      142.08 M msg/s     3794.1 MB/s   (min 142.08, max 142.08, spread 0.0%)
ship_shallow       write     145.02 M msg/s     3872.5 MB/s   (min 145.02, max 145.02, spread 0.0%)
ship_shallow       read      156.16 M msg/s     4169.9 MB/s   (min 156.16, max 156.16, spread 0.0%)
probe_header       write     336.34 M msg/s     3207.6 MB/s   (min 336.34, max 336.34, spread 0.0%)
probe_header       read      893.00 M msg/s     8516.3 MB/s   (min 893.00, max 893.00, spread 0.0%)
probebits          write     198.53 M msg/s     4922.6 MB/s   (min 198.53, max 198.53, spread 0.0%)
probebits          read      441.37 M msg/s    10943.9 MB/s   (min 441.37, max 441.37, spread 0.0%)
probearray         write      25.26 M msg/s     1132.4 MB/s   (min 25.26, max 25.26, spread 0.0%)
probearray         read       30.91 M msg/s     1385.5 MB/s   (min 30.91, max 30.91, spread 0.0%)
testdata           write      22.63 M msg/s     1985.2 MB/s   (min 22.63, max 22.63, spread 0.0%)
testdata           read       30.80 M msg/s     2702.0 MB/s   (min 30.80, max 30.80, spread 0.0%)
real_packet        write       6.89 M msg/s     1340.1 MB/s   (min 6.89, max 6.89, spread 0.0%)
real_packet        read        9.42 M msg/s     1832.8 MB/s   (min 9.42, max 9.42, spread 0.0%)
message_batch      write     105.25 M msg/s     2509.3 MB/s   (min 105.25, max 105.25, spread 0.0%)
message_batch      read       62.33 M msg/s     1486.0 MB/s   (min 62.33, max 62.33, spread 0.0%)
bench_packet       write     123.33 M msg/s     5763.1 MB/s   (min 123.33, max 123.33, spread 0.0%)
bench_packet       read      211.24 M msg/s     9871.4 MB/s   (min 211.24, max 211.24, spread 0.0%)
bench_ints         write     213.36 M msg/s     2848.6 MB/s   (min 213.36, max 213.36, spread 0.0%)
bench_ints         read      259.75 M msg/s     3468.0 MB/s   (min 259.75, max 259.75, spread 0.0%)
bench_bits         write     279.33 M msg/s     5327.9 MB/s   (min 279.33, max 279.33, spread 0.0%)
bench_bits         read      354.41 M msg/s     6759.8 MB/s   (min 354.41, max 354.41, spread 0.0%)
bench_mixed        write     204.41 M msg/s     4093.7 MB/s   (min 204.41, max 204.41, spread 0.0%)
bench_mixed        read      255.25 M msg/s     5111.9 MB/s   (min 255.25, max 255.25, spread 0.0%)
bitpacker          write       0.07 M msg/s     4067.2 MB/s   (min 0.07, max 0.07, spread 0.0%)
bitpacker          read        0.06 M msg/s     3709.7 MB/s   (min 0.06, max 0.06, spread 0.0%)
OK (corpus_id 7a7c343f1a446f4c)
results: build/bench/pass-20260817-095238/round-4-cpp.csv
=== leg round-4-cpp OK 2026-08-17T10:02:31Z
--- pscheck [before-round-4-c] 2026-08-17T10:02:31Z load=1.01 1.34 3.36
  clean: none of ours running
=== leg round-4-c START 2026-08-17T10:02:31Z (bench/run.sh --only c --compiler g++ --bare --round 4 --reuse-build --out build/bench/pass-20260817-095238/round-4-c.csv)
== c: reusing build/bench/schema_bench_c ==
== c: run (Release) ==
schema bench (c, Release)
rigidbody_moving   write     127.57 M msg/s    12774.8 MB/s   (min 127.57, max 127.57, spread 0.0%)
rigidbody_moving   read      196.52 M msg/s    19679.1 MB/s   (min 196.52, max 196.52, spread 0.0%)
rigidbody_at_rest  write     206.81 M msg/s    11242.2 MB/s   (min 206.81, max 206.81, spread 0.0%)
rigidbody_at_rest  read       97.33 M msg/s     5290.6 MB/s   (min 97.33, max 97.33, spread 0.0%)
chat               write      65.69 M msg/s      814.4 MB/s   (min 65.69, max 65.69, spread 0.0%)
chat               read       95.37 M msg/s     1182.4 MB/s   (min 95.37, max 95.37, spread 0.0%)
test               write     403.25 M msg/s     2307.4 MB/s   (min 403.25, max 403.25, spread 0.0%)
test               read      736.15 M msg/s     4212.3 MB/s   (min 736.15, max 736.15, spread 0.0%)
inputpacket        write      55.21 M msg/s     3211.9 MB/s   (min 55.21, max 55.21, spread 0.0%)
inputpacket        read       22.81 M msg/s     1326.9 MB/s   (min 22.81, max 22.81, spread 0.0%)
shipcreate         write      78.72 M msg/s     2102.0 MB/s   (min 78.72, max 78.72, spread 0.0%)
shipcreate         read      137.92 M msg/s     3682.9 MB/s   (min 137.92, max 137.92, spread 0.0%)
ship_shallow       write      90.24 M msg/s     2409.6 MB/s   (min 90.24, max 90.24, spread 0.0%)
ship_shallow       read      155.27 M msg/s     4146.1 MB/s   (min 155.27, max 155.27, spread 0.0%)
probe_header       write     369.98 M msg/s     3528.4 MB/s   (min 369.98, max 369.98, spread 0.0%)
probe_header       read      887.08 M msg/s     8459.8 MB/s   (min 887.08, max 887.08, spread 0.0%)
probebits          write     246.65 M msg/s     6115.9 MB/s   (min 246.65, max 246.65, spread 0.0%)
probebits          read      432.46 M msg/s    10723.0 MB/s   (min 432.46, max 432.46, spread 0.0%)
probearray         write      49.33 M msg/s     2210.9 MB/s   (min 49.33, max 49.33, spread 0.0%)
probearray         read       77.64 M msg/s     3480.0 MB/s   (min 77.64, max 77.64, spread 0.0%)
testdata           write      20.91 M msg/s     1834.8 MB/s   (min 20.91, max 20.91, spread 0.0%)
testdata           read       47.10 M msg/s     4132.6 MB/s   (min 47.10, max 47.10, spread 0.0%)
real_packet        write       6.31 M msg/s     1228.5 MB/s   (min 6.31, max 6.31, spread 0.0%)
real_packet        read        7.91 M msg/s     1539.5 MB/s   (min 7.91, max 7.91, spread 0.0%)
message_batch      write      93.69 M msg/s     2233.8 MB/s   (min 93.69, max 93.69, spread 0.0%)
message_batch      read       61.76 M msg/s     1472.6 MB/s   (min 61.76, max 61.76, spread 0.0%)
bench_packet       write      67.94 M msg/s     3175.0 MB/s   (min 67.94, max 67.94, spread 0.0%)
bench_packet       read      104.09 M msg/s     4864.1 MB/s   (min 104.09, max 104.09, spread 0.0%)
bench_ints         write      94.87 M msg/s     1266.6 MB/s   (min 94.87, max 94.87, spread 0.0%)
bench_ints         read      142.25 M msg/s     1899.3 MB/s   (min 142.25, max 142.25, spread 0.0%)
bench_bits         write     289.04 M msg/s     5513.0 MB/s   (min 289.04, max 289.04, spread 0.0%)
bench_bits         read      356.90 M msg/s     6807.3 MB/s   (min 356.90, max 356.90, spread 0.0%)
bench_mixed        write      85.37 M msg/s     1709.7 MB/s   (min 85.37, max 85.37, spread 0.0%)
bench_mixed        read      131.99 M msg/s     2643.4 MB/s   (min 131.99, max 131.99, spread 0.0%)
bitpacker          write       0.06 M msg/s     3984.1 MB/s   (min 0.06, max 0.06, spread 0.0%)
bitpacker          read        0.06 M msg/s     3761.5 MB/s   (min 0.06, max 0.06, spread 0.0%)
OK (corpus_id 7a7c343f1a446f4c)
results: build/bench/pass-20260817-095238/round-4-c.csv
=== leg round-4-c OK 2026-08-17T10:03:00Z
--- pscheck [before-round-4-cpp-b] 2026-08-17T10:03:00Z load=1.00 1.31 3.29
  clean: none of ours running
=== leg round-4-cpp-b START 2026-08-17T10:03:00Z (bench/run.sh --only cpp --compiler g++ --bare --round 4 --reuse-build --out build/bench/pass-20260817-095238/round-4-cpp-b.csv)
== cpp: reusing build/bench/schema_bench_cpp ==
== cpp: run (Release) ==
schema bench (cpp, Release)
rigidbody_moving   write     132.13 M msg/s    13231.1 MB/s   (min 132.13, max 132.13, spread 0.0%)
rigidbody_moving   read      180.44 M msg/s    18068.7 MB/s   (min 180.44, max 180.44, spread 0.0%)
rigidbody_at_rest  write     308.31 M msg/s    16759.5 MB/s   (min 308.31, max 308.31, spread 0.0%)
rigidbody_at_rest  read       97.34 M msg/s     5291.1 MB/s   (min 97.34, max 97.34, spread 0.0%)
chat               write      69.76 M msg/s      864.9 MB/s   (min 69.76, max 69.76, spread 0.0%)
chat               read       96.49 M msg/s     1196.2 MB/s   (min 96.49, max 96.49, spread 0.0%)
test               write     246.65 M msg/s     1411.4 MB/s   (min 246.65, max 246.65, spread 0.0%)
test               read      735.53 M msg/s     4208.7 MB/s   (min 735.53, max 735.53, spread 0.0%)
inputpacket        write      51.35 M msg/s     2987.3 MB/s   (min 51.35, max 51.35, spread 0.0%)
inputpacket        read       40.20 M msg/s     2338.4 MB/s   (min 40.20, max 40.20, spread 0.0%)
shipcreate         write     122.88 M msg/s     3281.4 MB/s   (min 122.88, max 122.88, spread 0.0%)
shipcreate         read      144.41 M msg/s     3856.1 MB/s   (min 144.41, max 144.41, spread 0.0%)
ship_shallow       write     145.03 M msg/s     3872.6 MB/s   (min 145.03, max 145.03, spread 0.0%)
ship_shallow       read      155.06 M msg/s     4140.5 MB/s   (min 155.06, max 155.06, spread 0.0%)
probe_header       write     336.34 M msg/s     3207.6 MB/s   (min 336.34, max 336.34, spread 0.0%)
probe_header       read      899.98 M msg/s     8582.9 MB/s   (min 899.98, max 899.98, spread 0.0%)
probebits          write     201.55 M msg/s     4997.6 MB/s   (min 201.55, max 201.55, spread 0.0%)
probebits          read      440.81 M msg/s    10930.2 MB/s   (min 440.81, max 440.81, spread 0.0%)
probearray         write      25.38 M msg/s     1137.5 MB/s   (min 25.38, max 25.38, spread 0.0%)
probearray         read       30.96 M msg/s     1387.5 MB/s   (min 30.96, max 30.96, spread 0.0%)
testdata           write      22.64 M msg/s     1986.0 MB/s   (min 22.64, max 22.64, spread 0.0%)
testdata           read       30.79 M msg/s     2701.6 MB/s   (min 30.79, max 30.79, spread 0.0%)
real_packet        write       6.97 M msg/s     1356.6 MB/s   (min 6.97, max 6.97, spread 0.0%)
real_packet        read        9.43 M msg/s     1834.0 MB/s   (min 9.43, max 9.43, spread 0.0%)
message_batch      write     104.48 M msg/s     2491.0 MB/s   (min 104.48, max 104.48, spread 0.0%)
message_batch      read       62.52 M msg/s     1490.6 MB/s   (min 62.52, max 62.52, spread 0.0%)
bench_packet       write     123.33 M msg/s     5763.1 MB/s   (min 123.33, max 123.33, spread 0.0%)
bench_packet       read      230.57 M msg/s    10774.4 MB/s   (min 230.57, max 230.57, spread 0.0%)
bench_ints         write     213.07 M msg/s     2844.8 MB/s   (min 213.07, max 213.07, spread 0.0%)
bench_ints         read      258.29 M msg/s     3448.5 MB/s   (min 258.29, max 258.29, spread 0.0%)
bench_bits         write     278.73 M msg/s     5316.4 MB/s   (min 278.73, max 278.73, spread 0.0%)
bench_bits         read      353.47 M msg/s     6741.8 MB/s   (min 353.47, max 353.47, spread 0.0%)
bench_mixed        write     203.32 M msg/s     4072.0 MB/s   (min 203.32, max 203.32, spread 0.0%)
bench_mixed        read      256.18 M msg/s     5130.5 MB/s   (min 256.18, max 256.18, spread 0.0%)
bitpacker          write       0.07 M msg/s     4070.5 MB/s   (min 0.07, max 0.07, spread 0.0%)
bitpacker          read        0.06 M msg/s     3703.4 MB/s   (min 0.06, max 0.06, spread 0.0%)
OK (corpus_id 7a7c343f1a446f4c)
results: build/bench/pass-20260817-095238/round-4-cpp-b.csv
=== leg round-4-cpp-b OK 2026-08-17T10:03:27Z
--- pscheck [before-round-4-c-b] 2026-08-17T10:03:27Z load=1.00 1.28 3.21
  clean: none of ours running
=== leg round-4-c-b START 2026-08-17T10:03:27Z (bench/run.sh --only c --compiler g++ --bare --round 4 --reuse-build --out build/bench/pass-20260817-095238/round-4-c-b.csv)
== c: reusing build/bench/schema_bench_c ==
== c: run (Release) ==
schema bench (c, Release)
rigidbody_moving   write     127.58 M msg/s    12774.9 MB/s   (min 127.58, max 127.58, spread 0.0%)
rigidbody_moving   read      196.44 M msg/s    19670.2 MB/s   (min 196.44, max 196.44, spread 0.0%)
rigidbody_at_rest  write     206.81 M msg/s    11242.1 MB/s   (min 206.81, max 206.81, spread 0.0%)
rigidbody_at_rest  read       97.33 M msg/s     5290.6 MB/s   (min 97.33, max 97.33, spread 0.0%)
chat               write      65.96 M msg/s      817.8 MB/s   (min 65.96, max 65.96, spread 0.0%)
chat               read       95.76 M msg/s     1187.2 MB/s   (min 95.76, max 95.76, spread 0.0%)
test               write     403.70 M msg/s     2310.0 MB/s   (min 403.70, max 403.70, spread 0.0%)
test               read      738.37 M msg/s     4225.0 MB/s   (min 738.37, max 738.37, spread 0.0%)
inputpacket        write      55.22 M msg/s     3212.3 MB/s   (min 55.22, max 55.22, spread 0.0%)
inputpacket        read       22.76 M msg/s     1324.2 MB/s   (min 22.76, max 22.76, spread 0.0%)
shipcreate         write      78.72 M msg/s     2102.0 MB/s   (min 78.72, max 78.72, spread 0.0%)
shipcreate         read      137.11 M msg/s     3661.1 MB/s   (min 137.11, max 137.11, spread 0.0%)
ship_shallow       write      90.24 M msg/s     2409.6 MB/s   (min 90.24, max 90.24, spread 0.0%)
ship_shallow       read      155.23 M msg/s     4145.2 MB/s   (min 155.23, max 155.23, spread 0.0%)
probe_header       write     369.98 M msg/s     3528.4 MB/s   (min 369.98, max 369.98, spread 0.0%)
probe_header       read      881.55 M msg/s     8407.1 MB/s   (min 881.55, max 881.55, spread 0.0%)
probebits          write     246.65 M msg/s     6115.8 MB/s   (min 246.65, max 246.65, spread 0.0%)
probebits          read      426.93 M msg/s    10585.9 MB/s   (min 426.93, max 426.93, spread 0.0%)
probearray         write      49.33 M msg/s     2210.9 MB/s   (min 49.33, max 49.33, spread 0.0%)
probearray         read       78.68 M msg/s     3526.6 MB/s   (min 78.68, max 78.68, spread 0.0%)
testdata           write      20.79 M msg/s     1824.2 MB/s   (min 20.79, max 20.79, spread 0.0%)
testdata           read       47.42 M msg/s     4160.8 MB/s   (min 47.42, max 47.42, spread 0.0%)
real_packet        write       6.30 M msg/s     1226.1 MB/s   (min 6.30, max 6.30, spread 0.0%)
real_packet        read        7.91 M msg/s     1538.4 MB/s   (min 7.91, max 7.91, spread 0.0%)
message_batch      write      93.73 M msg/s     2234.7 MB/s   (min 93.73, max 93.73, spread 0.0%)
message_batch      read       61.93 M msg/s     1476.5 MB/s   (min 61.93, max 61.93, spread 0.0%)
bench_packet       write      68.48 M msg/s     3200.2 MB/s   (min 68.48, max 68.48, spread 0.0%)
bench_packet       read      104.03 M msg/s     4861.4 MB/s   (min 104.03, max 104.03, spread 0.0%)
bench_ints         write      94.87 M msg/s     1266.6 MB/s   (min 94.87, max 94.87, spread 0.0%)
bench_ints         read      142.25 M msg/s     1899.2 MB/s   (min 142.25, max 142.25, spread 0.0%)
bench_bits         write     292.31 M msg/s     5575.4 MB/s   (min 292.31, max 292.31, spread 0.0%)
bench_bits         read      357.46 M msg/s     6818.0 MB/s   (min 357.46, max 357.46, spread 0.0%)
bench_mixed        write      86.02 M msg/s     1722.8 MB/s   (min 86.02, max 86.02, spread 0.0%)
bench_mixed        read      132.04 M msg/s     2644.4 MB/s   (min 132.04, max 132.04, spread 0.0%)
bitpacker          write       0.06 M msg/s     3987.1 MB/s   (min 0.06, max 0.06, spread 0.0%)
bitpacker          read        0.06 M msg/s     3756.5 MB/s   (min 0.06, max 0.06, spread 0.0%)
OK (corpus_id 7a7c343f1a446f4c)
results: build/bench/pass-20260817-095238/round-4-c-b.csv
=== leg round-4-c-b OK 2026-08-17T10:03:56Z
boundary: load1=1.00 foreign=0
--- pscheck [before-round-5-cpp-b] 2026-08-17T10:03:56Z load=1.00 1.25 3.15
  clean: none of ours running
=== leg round-5-cpp-b START 2026-08-17T10:03:56Z (bench/run.sh --only cpp --compiler g++ --bare --round 5 --reuse-build --out build/bench/pass-20260817-095238/round-5-cpp-b.csv)
== cpp: reusing build/bench/schema_bench_cpp ==
== cpp: run (Release) ==
schema bench (cpp, Release)
rigidbody_moving   write     132.13 M msg/s    13231.0 MB/s   (min 132.13, max 132.13, spread 0.0%)
rigidbody_moving   read      178.17 M msg/s    17841.0 MB/s   (min 178.17, max 178.17, spread 0.0%)
rigidbody_at_rest  write     264.19 M msg/s    14361.4 MB/s   (min 264.19, max 264.19, spread 0.0%)
rigidbody_at_rest  read       97.34 M msg/s     5291.1 MB/s   (min 97.34, max 97.34, spread 0.0%)
chat               write      69.79 M msg/s      865.3 MB/s   (min 69.79, max 69.79, spread 0.0%)
chat               read       96.37 M msg/s     1194.8 MB/s   (min 96.37, max 96.37, spread 0.0%)
test               write     246.65 M msg/s     1411.4 MB/s   (min 246.65, max 246.65, spread 0.0%)
test               read      733.96 M msg/s     4199.8 MB/s   (min 733.96, max 733.96, spread 0.0%)
inputpacket        write      58.72 M msg/s     3416.2 MB/s   (min 58.72, max 58.72, spread 0.0%)
inputpacket        read       40.20 M msg/s     2338.4 MB/s   (min 40.20, max 40.20, spread 0.0%)
shipcreate         write     122.90 M msg/s     3281.9 MB/s   (min 122.90, max 122.90, spread 0.0%)
shipcreate         read      142.08 M msg/s     3794.1 MB/s   (min 142.08, max 142.08, spread 0.0%)
ship_shallow       write     145.08 M msg/s     3874.0 MB/s   (min 145.08, max 145.08, spread 0.0%)
ship_shallow       read      156.23 M msg/s     4171.7 MB/s   (min 156.23, max 156.23, spread 0.0%)
probe_header       write     336.34 M msg/s     3207.6 MB/s   (min 336.34, max 336.34, spread 0.0%)
probe_header       read      898.85 M msg/s     8572.1 MB/s   (min 898.85, max 898.85, spread 0.0%)
probebits          write     198.60 M msg/s     4924.3 MB/s   (min 198.60, max 198.60, spread 0.0%)
probebits          read      441.36 M msg/s    10943.8 MB/s   (min 441.36, max 441.36, spread 0.0%)
probearray         write      23.20 M msg/s     1039.8 MB/s   (min 23.20, max 23.20, spread 0.0%)
probearray         read       28.07 M msg/s     1258.1 MB/s   (min 28.07, max 28.07, spread 0.0%)
testdata           write      22.01 M msg/s     1931.5 MB/s   (min 22.01, max 22.01, spread 0.0%)
testdata           read       30.61 M msg/s     2685.7 MB/s   (min 30.61, max 30.61, spread 0.0%)
real_packet        write       6.92 M msg/s     1346.0 MB/s   (min 6.92, max 6.92, spread 0.0%)
real_packet        read        9.33 M msg/s     1815.0 MB/s   (min 9.33, max 9.33, spread 0.0%)
message_batch      write     105.10 M msg/s     2505.8 MB/s   (min 105.10, max 105.10, spread 0.0%)
message_batch      read       62.25 M msg/s     1484.2 MB/s   (min 62.25, max 62.25, spread 0.0%)
bench_packet       write     123.33 M msg/s     5763.0 MB/s   (min 123.33, max 123.33, spread 0.0%)
bench_packet       read      218.46 M msg/s    10208.7 MB/s   (min 218.46, max 218.46, spread 0.0%)
bench_ints         write     213.45 M msg/s     2849.9 MB/s   (min 213.45, max 213.45, spread 0.0%)
bench_ints         read      259.79 M msg/s     3468.6 MB/s   (min 259.79, max 259.79, spread 0.0%)
bench_bits         write     278.59 M msg/s     5313.7 MB/s   (min 278.59, max 278.59, spread 0.0%)
bench_bits         read      353.31 M msg/s     6738.8 MB/s   (min 353.31, max 353.31, spread 0.0%)
bench_mixed        write     206.79 M msg/s     4141.4 MB/s   (min 206.79, max 206.79, spread 0.0%)
bench_mixed        read      257.31 M msg/s     5153.2 MB/s   (min 257.31, max 257.31, spread 0.0%)
bitpacker          write       0.07 M msg/s     4070.4 MB/s   (min 0.07, max 0.07, spread 0.0%)
bitpacker          read        0.06 M msg/s     3708.8 MB/s   (min 0.06, max 0.06, spread 0.0%)
OK (corpus_id 7a7c343f1a446f4c)
results: build/bench/pass-20260817-095238/round-5-cpp-b.csv
=== leg round-5-cpp-b OK 2026-08-17T10:04:23Z
--- pscheck [before-round-5-c-b] 2026-08-17T10:04:23Z load=1.00 1.23 3.08
  clean: none of ours running
=== leg round-5-c-b START 2026-08-17T10:04:23Z (bench/run.sh --only c --compiler g++ --bare --round 5 --reuse-build --out build/bench/pass-20260817-095238/round-5-c-b.csv)
== c: reusing build/bench/schema_bench_c ==
== c: run (Release) ==
schema bench (c, Release)
rigidbody_moving   write     119.19 M msg/s    11935.5 MB/s   (min 119.19, max 119.19, spread 0.0%)
rigidbody_moving   read      196.23 M msg/s    19649.5 MB/s   (min 196.23, max 196.23, spread 0.0%)
rigidbody_at_rest  write     208.18 M msg/s    11316.5 MB/s   (min 208.18, max 208.18, spread 0.0%)
rigidbody_at_rest  read       97.33 M msg/s     5290.6 MB/s   (min 97.33, max 97.33, spread 0.0%)
chat               write      63.44 M msg/s      786.5 MB/s   (min 63.44, max 63.44, spread 0.0%)
chat               read       99.93 M msg/s     1238.9 MB/s   (min 99.93, max 99.93, spread 0.0%)
test               write     404.12 M msg/s     2312.4 MB/s   (min 404.12, max 404.12, spread 0.0%)
test               read      740.89 M msg/s     4239.4 MB/s   (min 740.89, max 740.89, spread 0.0%)
inputpacket        write      55.22 M msg/s     3212.3 MB/s   (min 55.22, max 55.22, spread 0.0%)
inputpacket        read       22.72 M msg/s     1321.7 MB/s   (min 22.72, max 22.72, spread 0.0%)
shipcreate         write      84.07 M msg/s     2244.8 MB/s   (min 84.07, max 84.07, spread 0.0%)
shipcreate         read      136.38 M msg/s     3641.6 MB/s   (min 136.38, max 136.38, spread 0.0%)
ship_shallow       write      98.46 M msg/s     2629.1 MB/s   (min 98.46, max 98.46, spread 0.0%)
ship_shallow       read      156.05 M msg/s     4167.0 MB/s   (min 156.05, max 156.05, spread 0.0%)
probe_header       write     388.32 M msg/s     3703.3 MB/s   (min 388.32, max 388.32, spread 0.0%)
probe_header       read      896.39 M msg/s     8548.6 MB/s   (min 896.39, max 896.39, spread 0.0%)
probebits          write     246.65 M msg/s     6115.8 MB/s   (min 246.65, max 246.65, spread 0.0%)
probebits          read      429.23 M msg/s    10643.1 MB/s   (min 429.23, max 429.23, spread 0.0%)
probearray         write      49.33 M msg/s     2210.9 MB/s   (min 49.33, max 49.33, spread 0.0%)
probearray         read       78.62 M msg/s     3523.8 MB/s   (min 78.62, max 78.62, spread 0.0%)
testdata           write      20.94 M msg/s     1837.3 MB/s   (min 20.94, max 20.94, spread 0.0%)
testdata           read       48.38 M msg/s     4244.8 MB/s   (min 48.38, max 48.38, spread 0.0%)
real_packet        write       6.32 M msg/s     1228.8 MB/s   (min 6.32, max 6.32, spread 0.0%)
real_packet        read        7.92 M msg/s     1540.2 MB/s   (min 7.92, max 7.92, spread 0.0%)
message_batch      write      93.58 M msg/s     2231.0 MB/s   (min 93.58, max 93.58, spread 0.0%)
message_batch      read       60.68 M msg/s     1446.8 MB/s   (min 60.68, max 60.68, spread 0.0%)
bench_packet       write      68.51 M msg/s     3201.7 MB/s   (min 68.51, max 68.51, spread 0.0%)
bench_packet       read      104.06 M msg/s     4862.9 MB/s   (min 104.06, max 104.06, spread 0.0%)
bench_ints         write      99.24 M msg/s     1325.0 MB/s   (min 99.24, max 99.24, spread 0.0%)
bench_ints         read      142.26 M msg/s     1899.3 MB/s   (min 142.26, max 142.26, spread 0.0%)
bench_bits         write     286.25 M msg/s     5459.9 MB/s   (min 286.25, max 286.25, spread 0.0%)
bench_bits         read      359.15 M msg/s     6850.2 MB/s   (min 359.15, max 359.15, spread 0.0%)
bench_mixed        write      86.04 M msg/s     1723.1 MB/s   (min 86.04, max 86.04, spread 0.0%)
bench_mixed        read      131.97 M msg/s     2643.1 MB/s   (min 131.97, max 131.97, spread 0.0%)
bitpacker          write       0.06 M msg/s     3980.0 MB/s   (min 0.06, max 0.06, spread 0.0%)
bitpacker          read        0.06 M msg/s     3761.7 MB/s   (min 0.06, max 0.06, spread 0.0%)
OK (corpus_id 7a7c343f1a446f4c)
results: build/bench/pass-20260817-095238/round-5-c-b.csv
=== leg round-5-c-b OK 2026-08-17T10:04:53Z
--- pscheck [before-round-5-cpp] 2026-08-17T10:04:53Z load=1.00 1.20 3.01
  clean: none of ours running
=== leg round-5-cpp START 2026-08-17T10:04:53Z (bench/run.sh --only cpp --compiler g++ --bare --round 5 --reuse-build --out build/bench/pass-20260817-095238/round-5-cpp.csv)
== cpp: reusing build/bench/schema_bench_cpp ==
== cpp: run (Release) ==
schema bench (cpp, Release)
rigidbody_moving   write     132.12 M msg/s    13229.6 MB/s   (min 132.12, max 132.12, spread 0.0%)
rigidbody_moving   read      181.31 M msg/s    18155.9 MB/s   (min 181.31, max 181.31, spread 0.0%)
rigidbody_at_rest  write     264.26 M msg/s    14365.3 MB/s   (min 264.26, max 264.26, spread 0.0%)
rigidbody_at_rest  read       97.34 M msg/s     5291.1 MB/s   (min 97.34, max 97.34, spread 0.0%)
chat               write      69.79 M msg/s      865.3 MB/s   (min 69.79, max 69.79, spread 0.0%)
chat               read       99.96 M msg/s     1239.3 MB/s   (min 99.96, max 99.96, spread 0.0%)
test               write     246.65 M msg/s     1411.4 MB/s   (min 246.65, max 246.65, spread 0.0%)
test               read      735.64 M msg/s     4209.4 MB/s   (min 735.64, max 735.64, spread 0.0%)
inputpacket        write      59.67 M msg/s     3471.3 MB/s   (min 59.67, max 59.67, spread 0.0%)
inputpacket        read       40.19 M msg/s     2338.2 MB/s   (min 40.19, max 40.19, spread 0.0%)
shipcreate         write     122.88 M msg/s     3281.3 MB/s   (min 122.88, max 122.88, spread 0.0%)
shipcreate         read      145.40 M msg/s     3882.5 MB/s   (min 145.40, max 145.40, spread 0.0%)
ship_shallow       write     144.94 M msg/s     3870.2 MB/s   (min 144.94, max 144.94, spread 0.0%)
ship_shallow       read      155.23 M msg/s     4145.0 MB/s   (min 155.23, max 155.23, spread 0.0%)
probe_header       write     336.34 M msg/s     3207.6 MB/s   (min 336.34, max 336.34, spread 0.0%)
probe_header       read      901.58 M msg/s     8598.2 MB/s   (min 901.58, max 901.58, spread 0.0%)
probebits          write     196.38 M msg/s     4869.3 MB/s   (min 196.38, max 196.38, spread 0.0%)
probebits          read      440.81 M msg/s    10930.1 MB/s   (min 440.81, max 440.81, spread 0.0%)
probearray         write      25.11 M msg/s     1125.5 MB/s   (min 25.11, max 25.11, spread 0.0%)
probearray         read       30.97 M msg/s     1388.2 MB/s   (min 30.97, max 30.97, spread 0.0%)
testdata           write      22.07 M msg/s     1936.7 MB/s   (min 22.07, max 22.07, spread 0.0%)
testdata           read       31.01 M msg/s     2720.4 MB/s   (min 31.01, max 31.01, spread 0.0%)
real_packet        write       6.87 M msg/s     1336.2 MB/s   (min 6.87, max 6.87, spread 0.0%)
real_packet        read        9.43 M msg/s     1834.5 MB/s   (min 9.43, max 9.43, spread 0.0%)
message_batch      write     103.46 M msg/s     2466.6 MB/s   (min 103.46, max 103.46, spread 0.0%)
message_batch      read       63.22 M msg/s     1507.4 MB/s   (min 63.22, max 63.22, spread 0.0%)
bench_packet       write     123.32 M msg/s     5762.9 MB/s   (min 123.32, max 123.32, spread 0.0%)
bench_packet       read      209.88 M msg/s     9807.7 MB/s   (min 209.88, max 209.88, spread 0.0%)
bench_ints         write     213.00 M msg/s     2843.9 MB/s   (min 213.00, max 213.00, spread 0.0%)
bench_ints         read      258.93 M msg/s     3457.1 MB/s   (min 258.93, max 258.93, spread 0.0%)
bench_bits         write     277.16 M msg/s     5286.4 MB/s   (min 277.16, max 277.16, spread 0.0%)
bench_bits         read      353.13 M msg/s     6735.5 MB/s   (min 353.13, max 353.13, spread 0.0%)
bench_mixed        write     204.59 M msg/s     4097.4 MB/s   (min 204.59, max 204.59, spread 0.0%)
bench_mixed        read      256.06 M msg/s     5128.2 MB/s   (min 256.06, max 256.06, spread 0.0%)
bitpacker          write       0.07 M msg/s     4070.6 MB/s   (min 0.07, max 0.07, spread 0.0%)
bitpacker          read        0.06 M msg/s     3709.2 MB/s   (min 0.06, max 0.06, spread 0.0%)
OK (corpus_id 7a7c343f1a446f4c)
results: build/bench/pass-20260817-095238/round-5-cpp.csv
=== leg round-5-cpp OK 2026-08-17T10:05:20Z
--- pscheck [before-round-5-c] 2026-08-17T10:05:20Z load=1.00 1.19 2.96
  clean: none of ours running
=== leg round-5-c START 2026-08-17T10:05:20Z (bench/run.sh --only c --compiler g++ --bare --round 5 --reuse-build --out build/bench/pass-20260817-095238/round-5-c.csv)
== c: reusing build/bench/schema_bench_c ==
== c: run (Release) ==
schema bench (c, Release)
rigidbody_moving   write     127.58 M msg/s    12775.1 MB/s   (min 127.58, max 127.58, spread 0.0%)
rigidbody_moving   read       78.63 M msg/s     7873.7 MB/s   (min 78.63, max 78.63, spread 0.0%)
rigidbody_at_rest  write     208.34 M msg/s    11325.4 MB/s   (min 208.34, max 208.34, spread 0.0%)
rigidbody_at_rest  read       68.49 M msg/s     3723.2 MB/s   (min 68.49, max 68.49, spread 0.0%)
chat               write      65.96 M msg/s      817.8 MB/s   (min 65.96, max 65.96, spread 0.0%)
chat               read       96.46 M msg/s     1195.9 MB/s   (min 96.46, max 96.46, spread 0.0%)
test               write     403.60 M msg/s     2309.4 MB/s   (min 403.60, max 403.60, spread 0.0%)
test               read      739.99 M msg/s     4234.2 MB/s   (min 739.99, max 739.99, spread 0.0%)
inputpacket        write      55.22 M msg/s     3212.3 MB/s   (min 55.22, max 55.22, spread 0.0%)
inputpacket        read       22.73 M msg/s     1322.3 MB/s   (min 22.73, max 22.73, spread 0.0%)
shipcreate         write      37.00 M msg/s      987.9 MB/s   (min 37.00, max 37.00, spread 0.0%)
shipcreate         read       78.96 M msg/s     2108.5 MB/s   (min 78.96, max 78.96, spread 0.0%)
ship_shallow       write      41.65 M msg/s     1112.2 MB/s   (min 41.65, max 41.65, spread 0.0%)
ship_shallow       read       80.42 M msg/s     2147.3 MB/s   (min 80.42, max 80.42, spread 0.0%)
probe_header       write     388.32 M msg/s     3703.3 MB/s   (min 388.32, max 388.32, spread 0.0%)
probe_header       read      892.35 M msg/s     8510.1 MB/s   (min 892.35, max 892.35, spread 0.0%)
probebits          write     246.65 M msg/s     6115.8 MB/s   (min 246.65, max 246.65, spread 0.0%)
probebits          read      427.66 M msg/s    10604.1 MB/s   (min 427.66, max 427.66, spread 0.0%)
probearray         write      48.97 M msg/s     2194.9 MB/s   (min 48.97, max 48.97, spread 0.0%)
probearray         read       77.51 M msg/s     3474.2 MB/s   (min 77.51, max 77.51, spread 0.0%)
testdata           write      20.94 M msg/s     1837.3 MB/s   (min 20.94, max 20.94, spread 0.0%)
testdata           read       47.58 M msg/s     4174.3 MB/s   (min 47.58, max 47.58, spread 0.0%)
real_packet        write       6.28 M msg/s     1221.9 MB/s   (min 6.28, max 6.28, spread 0.0%)
real_packet        read        7.88 M msg/s     1532.1 MB/s   (min 7.88, max 7.88, spread 0.0%)
message_batch      write      92.83 M msg/s     2213.3 MB/s   (min 92.83, max 92.83, spread 0.0%)
message_batch      read       60.95 M msg/s     1453.2 MB/s   (min 60.95, max 60.95, spread 0.0%)
bench_packet       write      68.51 M msg/s     3201.7 MB/s   (min 68.51, max 68.51, spread 0.0%)
bench_packet       read      104.08 M msg/s     4863.8 MB/s   (min 104.08, max 104.08, spread 0.0%)
bench_ints         write      99.61 M msg/s     1330.0 MB/s   (min 99.61, max 99.61, spread 0.0%)
bench_ints         read      142.21 M msg/s     1898.7 MB/s   (min 142.21, max 142.21, spread 0.0%)
bench_bits         write      77.16 M msg/s     1471.7 MB/s   (min 77.16, max 77.16, spread 0.0%)
bench_bits         read       80.33 M msg/s     1532.2 MB/s   (min 80.33, max 80.33, spread 0.0%)
bench_mixed        write      86.04 M msg/s     1723.2 MB/s   (min 86.04, max 86.04, spread 0.0%)
bench_mixed        read      132.06 M msg/s     2644.7 MB/s   (min 132.06, max 132.06, spread 0.0%)
bitpacker          write       0.06 M msg/s     3986.1 MB/s   (min 0.06, max 0.06, spread 0.0%)
bitpacker          read        0.06 M msg/s     3757.8 MB/s   (min 0.06, max 0.06, spread 0.0%)
OK (corpus_id 7a7c343f1a446f4c)
results: build/bench/pass-20260817-095238/round-5-c.csv
=== leg round-5-c OK 2026-08-17T10:05:54Z
boundary: load1=1.00 foreign=0
--- pscheck [before-round-6-cpp] 2026-08-17T10:05:54Z load=1.00 1.16 2.89
  clean: none of ours running
=== leg round-6-cpp START 2026-08-17T10:05:54Z (bench/run.sh --only cpp --compiler g++ --bare --round 6 --reuse-build --out build/bench/pass-20260817-095238/round-6-cpp.csv)
== cpp: reusing build/bench/schema_bench_cpp ==
== cpp: run (Release) ==
schema bench (cpp, Release)
rigidbody_moving   write     132.12 M msg/s    13230.0 MB/s   (min 132.12, max 132.12, spread 0.0%)
rigidbody_moving   read      178.12 M msg/s    17836.1 MB/s   (min 178.12, max 178.12, spread 0.0%)
rigidbody_at_rest  write     264.26 M msg/s    14365.2 MB/s   (min 264.26, max 264.26, spread 0.0%)
rigidbody_at_rest  read       97.34 M msg/s     5291.1 MB/s   (min 97.34, max 97.34, spread 0.0%)
chat               write      69.79 M msg/s      865.3 MB/s   (min 69.79, max 69.79, spread 0.0%)
chat               read       99.96 M msg/s     1239.3 MB/s   (min 99.96, max 99.96, spread 0.0%)
test               write     246.65 M msg/s     1411.4 MB/s   (min 246.65, max 246.65, spread 0.0%)
test               read      735.92 M msg/s     4211.0 MB/s   (min 735.92, max 735.92, spread 0.0%)
inputpacket        write      59.67 M msg/s     3471.3 MB/s   (min 59.67, max 59.67, spread 0.0%)
inputpacket        read       40.64 M msg/s     2364.1 MB/s   (min 40.64, max 40.64, spread 0.0%)
shipcreate         write     122.85 M msg/s     3280.4 MB/s   (min 122.85, max 122.85, spread 0.0%)
shipcreate         read      142.59 M msg/s     3807.5 MB/s   (min 142.59, max 142.59, spread 0.0%)
ship_shallow       write     145.03 M msg/s     3872.6 MB/s   (min 145.03, max 145.03, spread 0.0%)
ship_shallow       read      155.97 M msg/s     4164.9 MB/s   (min 155.97, max 155.97, spread 0.0%)
probe_header       write     336.31 M msg/s     3207.3 MB/s   (min 336.31, max 336.31, spread 0.0%)
probe_header       read      898.45 M msg/s     8568.2 MB/s   (min 898.45, max 898.45, spread 0.0%)
probebits          write     196.96 M msg/s     4883.7 MB/s   (min 196.96, max 196.96, spread 0.0%)
probebits          read      440.54 M msg/s    10923.4 MB/s   (min 440.54, max 440.54, spread 0.0%)
probearray         write      25.06 M msg/s     1123.3 MB/s   (min 25.06, max 25.06, spread 0.0%)
probearray         read       30.95 M msg/s     1387.4 MB/s   (min 30.95, max 30.95, spread 0.0%)
testdata           write      22.01 M msg/s     1931.5 MB/s   (min 22.01, max 22.01, spread 0.0%)
testdata           read       30.98 M msg/s     2718.4 MB/s   (min 30.98, max 30.98, spread 0.0%)
real_packet        write       6.87 M msg/s     1336.0 MB/s   (min 6.87, max 6.87, spread 0.0%)
real_packet        read        9.44 M msg/s     1836.8 MB/s   (min 9.44, max 9.44, spread 0.0%)
message_batch      write     104.93 M msg/s     2501.6 MB/s   (min 104.93, max 104.93, spread 0.0%)
message_batch      read       62.86 M msg/s     1498.6 MB/s   (min 62.86, max 62.86, spread 0.0%)
bench_packet       write     123.33 M msg/s     5763.1 MB/s   (min 123.33, max 123.33, spread 0.0%)
bench_packet       read      212.08 M msg/s     9910.5 MB/s   (min 212.08, max 212.08, spread 0.0%)
bench_ints         write     213.15 M msg/s     2845.9 MB/s   (min 213.15, max 213.15, spread 0.0%)
bench_ints         read      258.10 M msg/s     3446.0 MB/s   (min 258.10, max 258.10, spread 0.0%)
bench_bits         write     276.30 M msg/s     5269.9 MB/s   (min 276.30, max 276.30, spread 0.0%)
bench_bits         read      353.81 M msg/s     6748.4 MB/s   (min 353.81, max 353.81, spread 0.0%)
bench_mixed        write     204.15 M msg/s     4088.4 MB/s   (min 204.15, max 204.15, spread 0.0%)
bench_mixed        read      256.11 M msg/s     5129.1 MB/s   (min 256.11, max 256.11, spread 0.0%)
bitpacker          write       0.07 M msg/s     4070.3 MB/s   (min 0.07, max 0.07, spread 0.0%)
bitpacker          read        0.06 M msg/s     3701.4 MB/s   (min 0.06, max 0.06, spread 0.0%)
OK (corpus_id 7a7c343f1a446f4c)
results: build/bench/pass-20260817-095238/round-6-cpp.csv
=== leg round-6-cpp OK 2026-08-17T10:06:21Z
--- pscheck [before-round-6-c] 2026-08-17T10:06:21Z load=1.00 1.15 2.83
  clean: none of ours running
=== leg round-6-c START 2026-08-17T10:06:21Z (bench/run.sh --only c --compiler g++ --bare --round 6 --reuse-build --out build/bench/pass-20260817-095238/round-6-c.csv)
== c: reusing build/bench/schema_bench_c ==
== c: run (Release) ==
schema bench (c, Release)
rigidbody_moving   write     127.58 M msg/s    12774.9 MB/s   (min 127.58, max 127.58, spread 0.0%)
rigidbody_moving   read      197.06 M msg/s    19732.5 MB/s   (min 197.06, max 197.06, spread 0.0%)
rigidbody_at_rest  write     208.42 M msg/s    11329.6 MB/s   (min 208.42, max 208.42, spread 0.0%)
rigidbody_at_rest  read       97.33 M msg/s     5290.6 MB/s   (min 97.33, max 97.33, spread 0.0%)
chat               write      65.98 M msg/s      818.0 MB/s   (min 65.98, max 65.98, spread 0.0%)
chat               read       96.38 M msg/s     1194.9 MB/s   (min 96.38, max 96.38, spread 0.0%)
test               write     403.20 M msg/s     2307.2 MB/s   (min 403.20, max 403.20, spread 0.0%)
test               read      738.89 M msg/s     4228.0 MB/s   (min 738.89, max 738.89, spread 0.0%)
inputpacket        write      55.22 M msg/s     3212.3 MB/s   (min 55.22, max 55.22, spread 0.0%)
inputpacket        read       22.77 M msg/s     1324.8 MB/s   (min 22.77, max 22.77, spread 0.0%)
shipcreate         write      84.06 M msg/s     2244.8 MB/s   (min 84.06, max 84.06, spread 0.0%)
shipcreate         read      135.17 M msg/s     3609.3 MB/s   (min 135.17, max 135.17, spread 0.0%)
ship_shallow       write      98.69 M msg/s     2635.2 MB/s   (min 98.69, max 98.69, spread 0.0%)
ship_shallow       read      156.48 M msg/s     4178.5 MB/s   (min 156.48, max 156.48, spread 0.0%)
probe_header       write     388.15 M msg/s     3701.7 MB/s   (min 388.15, max 388.15, spread 0.0%)
probe_header       read      894.57 M msg/s     8531.3 MB/s   (min 894.57, max 894.57, spread 0.0%)
probebits          write     246.65 M msg/s     6115.9 MB/s   (min 246.65, max 246.65, spread 0.0%)
probebits          read      425.22 M msg/s    10543.5 MB/s   (min 425.22, max 425.22, spread 0.0%)
probearray         write      49.33 M msg/s     2210.9 MB/s   (min 49.33, max 49.33, spread 0.0%)
probearray         read       78.61 M msg/s     3523.5 MB/s   (min 78.61, max 78.61, spread 0.0%)
testdata           write      20.95 M msg/s     1838.5 MB/s   (min 20.95, max 20.95, spread 0.0%)
testdata           read       47.79 M msg/s     4192.8 MB/s   (min 47.79, max 47.79, spread 0.0%)
real_packet        write       6.27 M msg/s     1219.0 MB/s   (min 6.27, max 6.27, spread 0.0%)
real_packet        read        7.89 M msg/s     1535.8 MB/s   (min 7.89, max 7.89, spread 0.0%)
message_batch      write      93.13 M msg/s     2220.5 MB/s   (min 93.13, max 93.13, spread 0.0%)
message_batch      read       60.76 M msg/s     1448.6 MB/s   (min 60.76, max 60.76, spread 0.0%)
bench_packet       write      68.51 M msg/s     3201.6 MB/s   (min 68.51, max 68.51, spread 0.0%)
bench_packet       read      104.09 M msg/s     4864.3 MB/s   (min 104.09, max 104.09, spread 0.0%)
bench_ints         write      99.32 M msg/s     1326.0 MB/s   (min 99.32, max 99.32, spread 0.0%)
bench_ints         read      142.25 M msg/s     1899.3 MB/s   (min 142.25, max 142.25, spread 0.0%)
bench_bits         write     291.96 M msg/s     5568.6 MB/s   (min 291.96, max 291.96, spread 0.0%)
bench_bits         read      357.10 M msg/s     6811.1 MB/s   (min 357.10, max 357.10, spread 0.0%)
bench_mixed        write      86.04 M msg/s     1723.1 MB/s   (min 86.04, max 86.04, spread 0.0%)
bench_mixed        read      132.06 M msg/s     2644.8 MB/s   (min 132.06, max 132.06, spread 0.0%)
bitpacker          write       0.06 M msg/s     3977.6 MB/s   (min 0.06, max 0.06, spread 0.0%)
bitpacker          read        0.06 M msg/s     3762.8 MB/s   (min 0.06, max 0.06, spread 0.0%)
OK (corpus_id 7a7c343f1a446f4c)
results: build/bench/pass-20260817-095238/round-6-c.csv
=== leg round-6-c OK 2026-08-17T10:06:50Z
--- pscheck [before-round-6-cpp-b] 2026-08-17T10:06:50Z load=1.00 1.13 2.77
  clean: none of ours running
=== leg round-6-cpp-b START 2026-08-17T10:06:50Z (bench/run.sh --only cpp --compiler g++ --bare --round 6 --reuse-build --out build/bench/pass-20260817-095238/round-6-cpp-b.csv)
== cpp: reusing build/bench/schema_bench_cpp ==
== cpp: run (Release) ==
schema bench (cpp, Release)
rigidbody_moving   write     132.13 M msg/s    13230.9 MB/s   (min 132.13, max 132.13, spread 0.0%)
rigidbody_moving   read      178.15 M msg/s    17839.0 MB/s   (min 178.15, max 178.15, spread 0.0%)
rigidbody_at_rest  write     264.27 M msg/s    14365.4 MB/s   (min 264.27, max 264.27, spread 0.0%)
rigidbody_at_rest  read       97.34 M msg/s     5291.1 MB/s   (min 97.34, max 97.34, spread 0.0%)
chat               write      69.76 M msg/s      864.9 MB/s   (min 69.76, max 69.76, spread 0.0%)
chat               read       99.96 M msg/s     1239.3 MB/s   (min 99.96, max 99.96, spread 0.0%)
test               write     246.68 M msg/s     1411.5 MB/s   (min 246.68, max 246.68, spread 0.0%)
test               read      734.84 M msg/s     4204.8 MB/s   (min 734.84, max 734.84, spread 0.0%)
inputpacket        write      59.67 M msg/s     3471.3 MB/s   (min 59.67, max 59.67, spread 0.0%)
inputpacket        read       40.20 M msg/s     2338.4 MB/s   (min 40.20, max 40.20, spread 0.0%)
shipcreate         write     122.84 M msg/s     3280.1 MB/s   (min 122.84, max 122.84, spread 0.0%)
shipcreate         read      145.68 M msg/s     3890.0 MB/s   (min 145.68, max 145.68, spread 0.0%)
ship_shallow       write     145.03 M msg/s     3872.6 MB/s   (min 145.03, max 145.03, spread 0.0%)
ship_shallow       read      156.00 M msg/s     4165.6 MB/s   (min 156.00, max 156.00, spread 0.0%)
probe_header       write     336.33 M msg/s     3207.4 MB/s   (min 336.33, max 336.33, spread 0.0%)
probe_header       read      900.33 M msg/s     8586.2 MB/s   (min 900.33, max 900.33, spread 0.0%)
probebits          write     196.10 M msg/s     4862.3 MB/s   (min 196.10, max 196.10, spread 0.0%)
probebits          read      440.82 M msg/s    10930.4 MB/s   (min 440.82, max 440.82, spread 0.0%)
probearray         write      25.34 M msg/s     1135.6 MB/s   (min 25.34, max 25.34, spread 0.0%)
probearray         read       30.83 M msg/s     1382.1 MB/s   (min 30.83, max 30.83, spread 0.0%)
testdata           write      21.99 M msg/s     1929.8 MB/s   (min 21.99, max 21.99, spread 0.0%)
testdata           read       30.93 M msg/s     2713.3 MB/s   (min 30.93, max 30.93, spread 0.0%)
real_packet        write       6.90 M msg/s     1343.0 MB/s   (min 6.90, max 6.90, spread 0.0%)
real_packet        read        9.43 M msg/s     1834.2 MB/s   (min 9.43, max 9.43, spread 0.0%)
message_batch      write     103.80 M msg/s     2474.7 MB/s   (min 103.80, max 103.80, spread 0.0%)
message_batch      read       63.17 M msg/s     1506.1 MB/s   (min 63.17, max 63.17, spread 0.0%)
bench_packet       write     123.33 M msg/s     5763.0 MB/s   (min 123.33, max 123.33, spread 0.0%)
bench_packet       read      230.73 M msg/s    10781.8 MB/s   (min 230.73, max 230.73, spread 0.0%)
bench_ints         write     212.19 M msg/s     2833.0 MB/s   (min 212.19, max 212.19, spread 0.0%)
bench_ints         read      258.70 M msg/s     3454.0 MB/s   (min 258.70, max 258.70, spread 0.0%)
bench_bits         write     276.17 M msg/s     5267.5 MB/s   (min 276.17, max 276.17, spread 0.0%)
bench_bits         read      352.59 M msg/s     6725.0 MB/s   (min 352.59, max 352.59, spread 0.0%)
bench_mixed        write     203.53 M msg/s     4076.1 MB/s   (min 203.53, max 203.53, spread 0.0%)
bench_mixed        read      256.04 M msg/s     5127.8 MB/s   (min 256.04, max 256.04, spread 0.0%)
bitpacker          write       0.07 M msg/s     4070.9 MB/s   (min 0.07, max 0.07, spread 0.0%)
bitpacker          read        0.06 M msg/s     3709.0 MB/s   (min 0.06, max 0.06, spread 0.0%)
OK (corpus_id 7a7c343f1a446f4c)
results: build/bench/pass-20260817-095238/round-6-cpp-b.csv
=== leg round-6-cpp-b OK 2026-08-17T10:07:17Z
--- pscheck [before-round-6-c-b] 2026-08-17T10:07:17Z load=1.00 1.12 2.72
  clean: none of ours running
=== leg round-6-c-b START 2026-08-17T10:07:17Z (bench/run.sh --only c --compiler g++ --bare --round 6 --reuse-build --out build/bench/pass-20260817-095238/round-6-c-b.csv)
== c: reusing build/bench/schema_bench_c ==
== c: run (Release) ==
schema bench (c, Release)
rigidbody_moving   write     127.57 M msg/s    12774.6 MB/s   (min 127.57, max 127.57, spread 0.0%)
rigidbody_moving   read      196.47 M msg/s    19673.4 MB/s   (min 196.47, max 196.47, spread 0.0%)
rigidbody_at_rest  write     206.81 M msg/s    11241.9 MB/s   (min 206.81, max 206.81, spread 0.0%)
rigidbody_at_rest  read       97.32 M msg/s     5290.5 MB/s   (min 97.32, max 97.32, spread 0.0%)
chat               write      65.97 M msg/s      817.9 MB/s   (min 65.97, max 65.97, spread 0.0%)
chat               read       95.40 M msg/s     1182.7 MB/s   (min 95.40, max 95.40, spread 0.0%)
test               write     403.54 M msg/s     2309.0 MB/s   (min 403.54, max 403.54, spread 0.0%)
test               read      737.40 M msg/s     4219.5 MB/s   (min 737.40, max 737.40, spread 0.0%)
inputpacket        write      55.22 M msg/s     3212.3 MB/s   (min 55.22, max 55.22, spread 0.0%)
inputpacket        read       22.69 M msg/s     1319.9 MB/s   (min 22.69, max 22.69, spread 0.0%)
shipcreate         write      78.72 M msg/s     2102.0 MB/s   (min 78.72, max 78.72, spread 0.0%)
shipcreate         read      139.23 M msg/s     3717.9 MB/s   (min 139.23, max 139.23, spread 0.0%)
ship_shallow       write      90.24 M msg/s     2409.6 MB/s   (min 90.24, max 90.24, spread 0.0%)
ship_shallow       read      155.78 M msg/s     4159.6 MB/s   (min 155.78, max 155.78, spread 0.0%)
probe_header       write     369.98 M msg/s     3528.4 MB/s   (min 369.98, max 369.98, spread 0.0%)
probe_header       read      881.31 M msg/s     8404.8 MB/s   (min 881.31, max 881.31, spread 0.0%)
probebits          write     246.65 M msg/s     6115.9 MB/s   (min 246.65, max 246.65, spread 0.0%)
probebits          read      431.33 M msg/s    10695.1 MB/s   (min 431.33, max 431.33, spread 0.0%)
probearray         write      49.33 M msg/s     2210.9 MB/s   (min 49.33, max 49.33, spread 0.0%)
probearray         read       78.67 M msg/s     3526.3 MB/s   (min 78.67, max 78.67, spread 0.0%)
testdata           write      20.89 M msg/s     1832.8 MB/s   (min 20.89, max 20.89, spread 0.0%)
testdata           read       47.38 M msg/s     4156.7 MB/s   (min 47.38, max 47.38, spread 0.0%)
real_packet        write       6.28 M msg/s     1221.3 MB/s   (min 6.28, max 6.28, spread 0.0%)
real_packet        read        7.91 M msg/s     1538.8 MB/s   (min 7.91, max 7.91, spread 0.0%)
message_batch      write      92.04 M msg/s     2194.4 MB/s   (min 92.04, max 92.04, spread 0.0%)
message_batch      read       61.34 M msg/s     1462.5 MB/s   (min 61.34, max 61.34, spread 0.0%)
bench_packet       write      68.50 M msg/s     3201.1 MB/s   (min 68.50, max 68.50, spread 0.0%)
bench_packet       read      104.07 M msg/s     4863.2 MB/s   (min 104.07, max 104.07, spread 0.0%)
bench_ints         write      94.86 M msg/s     1266.6 MB/s   (min 94.86, max 94.86, spread 0.0%)
bench_ints         read      142.25 M msg/s     1899.3 MB/s   (min 142.25, max 142.25, spread 0.0%)
bench_bits         write     292.71 M msg/s     5583.0 MB/s   (min 292.71, max 292.71, spread 0.0%)
bench_bits         read      357.95 M msg/s     6827.4 MB/s   (min 357.95, max 357.95, spread 0.0%)
bench_mixed        write      86.01 M msg/s     1722.5 MB/s   (min 86.01, max 86.01, spread 0.0%)
bench_mixed        read      132.03 M msg/s     2644.2 MB/s   (min 132.03, max 132.03, spread 0.0%)
bitpacker          write       0.06 M msg/s     3986.1 MB/s   (min 0.06, max 0.06, spread 0.0%)
bitpacker          read        0.06 M msg/s     3762.5 MB/s   (min 0.06, max 0.06, spread 0.0%)
OK (corpus_id 7a7c343f1a446f4c)
results: build/bench/pass-20260817-095238/round-6-c-b.csv
=== leg round-6-c-b OK 2026-08-17T10:07:46Z
boundary: load1=1.00 foreign=0
--- pscheck [before-control-end] 2026-08-17T10:07:46Z load=1.00 1.11 2.67
  clean: none of ours running
=== leg control-end START 2026-08-17T10:07:46Z (bench/run.sh --only cpp --compiler g++ --bare --reuse-build --out build/bench/pass-20260817-095238/control-end.csv)
== cpp: reusing build/bench/schema_bench_cpp ==
== cpp: run (Release) ==
schema bench (cpp, Release)
rigidbody_moving   write     132.13 M msg/s    13231.1 MB/s   (min 132.13, max 132.13, spread 0.0%)
rigidbody_moving   read      179.13 M msg/s    17937.6 MB/s   (min 179.10, max 179.78, spread 0.4%)
rigidbody_at_rest  write     308.31 M msg/s    16759.7 MB/s   (min 308.31, max 308.32, spread 0.0%)
rigidbody_at_rest  read       97.34 M msg/s     5291.2 MB/s   (min 97.34, max 97.34, spread 0.0%)
chat               write      69.70 M msg/s      864.1 MB/s   (min 69.59, max 69.77, spread 0.3%)
chat               read       96.16 M msg/s     1192.1 MB/s   (min 96.14, max 96.84, spread 0.7%)
test               write     246.65 M msg/s     1411.4 MB/s   (min 246.64, max 246.65, spread 0.0%)
test               read      735.16 M msg/s     4206.6 MB/s   (min 735.06, max 736.26, spread 0.2%)
inputpacket        write      51.31 M msg/s     2984.8 MB/s   (min 51.29, max 51.34, spread 0.1%)
inputpacket        read       40.20 M msg/s     2338.4 MB/s   (min 40.20, max 40.20, spread 0.0%)
shipcreate         write     122.75 M msg/s     3277.7 MB/s   (min 122.75, max 122.75, spread 0.0%)
shipcreate         read      141.66 M msg/s     3782.7 MB/s   (min 141.66, max 141.66, spread 0.0%)
ship_shallow       write     144.76 M msg/s     3865.6 MB/s   (min 144.57, max 144.97, spread 0.3%)
ship_shallow       read      155.59 M msg/s     4154.8 MB/s   (min 155.42, max 155.81, spread 0.2%)
probe_header       write     336.34 M msg/s     3207.6 MB/s   (min 336.33, max 336.34, spread 0.0%)
probe_header       read      900.69 M msg/s     8589.7 MB/s   (min 899.59, max 901.23, spread 0.2%)
probebits          write     200.70 M msg/s     4976.5 MB/s   (min 198.54, max 203.24, spread 2.3%)
probebits          read      440.81 M msg/s    10930.2 MB/s   (min 440.81, max 440.82, spread 0.0%)
probearray         write      25.31 M msg/s     1134.6 MB/s   (min 25.30, max 25.31, spread 0.1%)
probearray         read       30.97 M msg/s     1388.4 MB/s   (min 30.91, max 31.06, spread 0.5%)
testdata           write      22.64 M msg/s     1986.8 MB/s   (min 22.64, max 22.65, spread 0.1%)
testdata           read       30.94 M msg/s     2714.5 MB/s   (min 30.94, max 30.94, spread 0.0%)
real_packet        write       6.89 M msg/s     1339.5 MB/s   (min 6.86, max 6.95, spread 1.3%)
real_packet        read        9.42 M msg/s     1833.0 MB/s   (min 9.42, max 9.43, spread 0.1%)
message_batch      write     104.87 M msg/s     2500.3 MB/s   (min 104.77, max 105.39, spread 0.6%)
message_batch      read       62.11 M msg/s     1480.9 MB/s   (min 62.02, max 62.19, spread 0.3%)
bench_packet       write     123.33 M msg/s     5763.1 MB/s   (min 123.33, max 123.33, spread 0.0%)
bench_packet       read      209.34 M msg/s     9782.3 MB/s   (min 209.23, max 214.44, spread 2.5%)
bench_ints         write     213.42 M msg/s     2849.5 MB/s   (min 213.39, max 213.45, spread 0.0%)
bench_ints         read      259.31 M msg/s     3462.1 MB/s   (min 258.08, max 259.57, spread 0.6%)
bench_bits         write     279.64 M msg/s     5333.7 MB/s   (min 278.37, max 280.70, spread 0.8%)
bench_bits         read      352.32 M msg/s     6719.9 MB/s   (min 351.03, max 352.60, spread 0.4%)
bench_mixed        write     205.22 M msg/s     4110.0 MB/s   (min 202.81, max 208.70, spread 2.9%)
bench_mixed        read      256.30 M msg/s     5133.0 MB/s   (min 255.81, max 256.82, spread 0.4%)
bitpacker          write       0.07 M msg/s     4070.6 MB/s   (min 0.07, max 0.07, spread 0.0%)
bitpacker          read        0.06 M msg/s     3708.9 MB/s   (min 0.06, max 0.06, spread 0.0%)
OK (corpus_id 7a7c343f1a446f4c)
results: build/bench/pass-20260817-095238/control-end.csv
=== leg control-end OK 2026-08-17T10:09:34Z
boundary: load1=1.07 foreign=0
cpu15 post: cpu15 74826059 0 82446347 1818601944 31 0 0 0 0 0
control: start=114247052 end=114071203 delta=0.2% window=OK
twin-ok: c/rigidbody_moving/write dev 0.0% within band 10.4%
twin-ok: c/rigidbody_moving/read dev 0.2% within band 60.6%
twin-ok: c/rigidbody_at_rest/write dev 0.1% within band 37.1%
twin-ok: c/rigidbody_at_rest/read dev 0.0% within band 29.6%
twin-ok: c/chat/write dev 0.1% within band 3.9%
twin-ok: c/chat/read dev 0.0% within band 4.8%
twin-ok: c/test/write dev 0.0% within band 0.2%
twin-ok: c/test/read dev 0.1% within band 1.2%
twin-ok: c/inputpacket/write dev 0.0% within band 0.0%
twin-ok: c/inputpacket/read dev 0.7% within band 23.5%
twin-ok: c/shipcreate/write dev 0.0% within band 59.8%
twin-ok: c/shipcreate/read dev 0.9% within band 43.3%
twin-ok: c/ship_shallow/write dev 0.2% within band 63.2%
twin-ok: c/ship_shallow/read dev 0.0% within band 48.9%
twin-ok: c/probe_header/write dev 0.0% within band 5.0%
twin-ok: c/probe_header/read dev 0.2% within band 1.7%
state-suspect: c/probebits/write twin ratio departs 1.0 by 0.0% > spread band 0.0% (twin disagreement — state-selective interference)
twin-ok: c/probebits/read dev 0.1% within band 1.7%
twin-ok: c/probearray/write dev 0.0% within band 0.7%
twin-ok: c/probearray/read dev 0.0% within band 1.5%
twin-ok: c/testdata/write dev 0.1% within band 2.1%
twin-ok: c/testdata/read dev 0.1% within band 2.9%
twin-ok: c/message_batch/write dev 0.4% within band 2.2%
twin-ok: c/message_batch/read dev 0.2% within band 3.5%
twin-ok: c/bench_packet/write dev 0.0% within band 0.8%
twin-ok: c/bench_packet/read dev 0.1% within band 0.4%
twin-ok: c/bench_ints/write dev 0.1% within band 4.9%
twin-ok: c/bench_ints/read dev 0.0% within band 0.0%
twin-ok: c/bench_bits/write dev 0.2% within band 74.0%
twin-ok: c/bench_bits/read dev 0.3% within band 78.0%
twin-ok: c/bench_mixed/write dev 0.0% within band 0.8%
twin-ok: c/bench_mixed/read dev 0.0% within band 0.1%
twin-ok: c/bitpacker/write dev 0.0% within band 0.2%
twin-ok: c/bitpacker/read dev 0.0% within band 0.2%
twin-ok: cpp/rigidbody_moving/write dev 0.0% within band 0.0%
twin-ok: cpp/rigidbody_moving/read dev 0.1% within band 1.8%
twin-ok: cpp/rigidbody_at_rest/write dev 0.0% within band 16.7%
twin-ok: cpp/rigidbody_at_rest/read dev 0.0% within band 0.0%
twin-ok: cpp/chat/write dev 0.0% within band 1.6%
twin-ok: cpp/chat/read dev 0.0% within band 4.0%
twin-ok: cpp/test/write dev 0.0% within band 0.0%
twin-ok: cpp/test/read dev 0.1% within band 0.6%
twin-ok: cpp/inputpacket/write dev 0.0% within band 14.2%
twin-ok: cpp/inputpacket/read dev 0.0% within band 1.9%
twin-ok: cpp/shipcreate/write dev 0.0% within band 0.1%
twin-ok: cpp/shipcreate/read dev 0.2% within band 2.6%
twin-ok: cpp/ship_shallow/write dev 0.0% within band 0.1%
twin-ok: cpp/ship_shallow/read dev 0.0% within band 0.8%
twin-ok: cpp/probe_header/write dev 0.0% within band 0.0%
twin-ok: cpp/probe_header/read dev 0.1% within band 1.0%
twin-ok: cpp/probebits/write dev 0.1% within band 2.8%
twin-ok: cpp/probebits/read dev 0.1% within band 0.4%
twin-ok: cpp/probearray/write dev 0.4% within band 8.7%
twin-ok: cpp/probearray/read dev 0.1% within band 9.5%
twin-ok: cpp/testdata/write dev 0.0% within band 2.9%
twin-ok: cpp/testdata/read dev 0.3% within band 1.3%
twin-ok: cpp/message_batch/write dev 0.6% within band 5.1%
twin-ok: cpp/message_batch/read dev 0.1% within band 2.3%
state-suspect: cpp/bench_packet/write twin ratio departs 1.0 by 0.0% > spread band 0.0% (twin disagreement — state-selective interference)
twin-ok: cpp/bench_packet/read dev 0.8% within band 10.4%
twin-ok: cpp/bench_ints/write dev 0.0% within band 0.6%
twin-ok: cpp/bench_ints/read dev 0.5% within band 1.1%
twin-ok: cpp/bench_bits/write dev 0.1% within band 1.4%
twin-ok: cpp/bench_bits/read dev 2.0% within band 3.4%
twin-ok: cpp/bench_mixed/write dev 1.7% within band 3.8%
twin-ok: cpp/bench_mixed/read dev 0.1% within band 0.8%
twin-ok: cpp/bitpacker/write dev 0.0% within band 0.1%
twin-ok: cpp/bitpacker/read dev 0.0% within band 0.2%
twingate: 2 state-suspect row(s) — §2.6.1 refuses these rows; re-run the window
twin gate: SUSPECT suspects: c/probebits/write twin ratio departs 1.0 by 0.0% > spread band 0.0% (twin disagreement — state-selective interference);cpp/bench_packet/write twin ratio departs 1.0 by 0.0% > spread band 0.0% (twin disagreement — state-selective interference)
===== interleaved pass DONE 2026-08-17T10:09:35Z window=OK out=bench/results/certified-space-1-pass.csv =====
