===== interleaved pass START 2026-08-17T10:13:22Z host=spacegame arch=x86_64 os=Linux rounds=7 langs=cpp,c =====
cpu15 pre : cpu15 74828803 0 82447883 1818620019 31 0 0 0 0 0
--- pscheck [before-control-start] 2026-08-17T10:13:22Z load=4.83 2.95 2.90
  clean: none of ours running
=== leg control-start START 2026-08-17T10:13:22Z (bench/run.sh --only cpp --compiler g++ --out build/bench/pass-20260817-101322/control-start.csv)
== cpp: build (Release) ==
== cpp: run (Release) ==
schema bench (cpp, Release)
rigidbody_moving   write     132.13 M msg/s    13231.1 MB/s   (min 132.13, max 132.13, spread 0.0%)
rigidbody_moving   read      180.95 M msg/s    18119.7 MB/s   (min 180.83, max 180.99, spread 0.1%)
rigidbody_at_rest  write     264.27 M msg/s    14365.5 MB/s   (min 264.26, max 264.27, spread 0.0%)
rigidbody_at_rest  read       97.34 M msg/s     5291.1 MB/s   (min 97.33, max 97.34, spread 0.0%)
chat               write      68.72 M msg/s      852.0 MB/s   (min 68.60, max 68.74, spread 0.2%)
chat               read       96.07 M msg/s     1191.1 MB/s   (min 95.24, max 96.94, spread 1.8%)
test               write     246.65 M msg/s     1411.4 MB/s   (min 246.64, max 246.65, spread 0.0%)
test               read      737.49 M msg/s     4219.9 MB/s   (min 734.58, max 737.50, spread 0.4%)
inputpacket        write      58.73 M msg/s     3416.3 MB/s   (min 58.72, max 58.73, spread 0.0%)
inputpacket        read       40.20 M msg/s     2338.4 MB/s   (min 40.20, max 40.20, spread 0.0%)
shipcreate         write     122.80 M msg/s     3279.1 MB/s   (min 122.75, max 122.87, spread 0.1%)
shipcreate         read      142.09 M msg/s     3794.1 MB/s   (min 142.08, max 142.10, spread 0.0%)
ship_shallow       write     145.03 M msg/s     3872.6 MB/s   (min 145.03, max 145.03, spread 0.0%)
ship_shallow       read      156.03 M msg/s     4166.6 MB/s   (min 155.90, max 156.37, spread 0.3%)
probe_header       write     336.34 M msg/s     3207.6 MB/s   (min 336.33, max 336.34, spread 0.0%)
probe_header       read      906.52 M msg/s     8645.2 MB/s   (min 901.98, max 908.30, spread 0.7%)
probebits          write     199.63 M msg/s     4949.8 MB/s   (min 198.19, max 200.91, spread 1.4%)
probebits          read      441.91 M msg/s    10957.4 MB/s   (min 441.91, max 441.92, spread 0.0%)
probearray         write      25.24 M msg/s     1131.3 MB/s   (min 25.23, max 25.30, spread 0.3%)
probearray         read       30.93 M msg/s     1386.3 MB/s   (min 30.90, max 31.01, spread 0.3%)
testdata           write      22.02 M msg/s     1932.0 MB/s   (min 22.02, max 22.02, spread 0.0%)
testdata           read       30.46 M msg/s     2672.9 MB/s   (min 30.46, max 30.47, spread 0.0%)
real_packet        write       7.01 M msg/s     1363.4 MB/s   (min 6.86, max 7.06, spread 2.8%)
real_packet        read        9.43 M msg/s     1835.2 MB/s   (min 9.43, max 9.44, spread 0.1%)
message_batch      write     105.33 M msg/s     2511.2 MB/s   (min 105.19, max 105.45, spread 0.2%)
message_batch      read       61.52 M msg/s     1466.7 MB/s   (min 61.33, max 61.67, spread 0.5%)
bench_packet       write     123.33 M msg/s     5763.1 MB/s   (min 123.33, max 123.33, spread 0.0%)
bench_packet       read      228.71 M msg/s    10687.7 MB/s   (min 220.43, max 233.22, spread 5.6%)
bench_ints         write     213.45 M msg/s     2849.9 MB/s   (min 212.58, max 213.45, spread 0.4%)
bench_ints         read      260.00 M msg/s     3471.4 MB/s   (min 259.61, max 260.01, spread 0.2%)
bench_bits         write     275.66 M msg/s     5257.8 MB/s   (min 275.36, max 276.75, spread 0.5%)
bench_bits         read      353.94 M msg/s     6750.9 MB/s   (min 353.85, max 355.13, spread 0.4%)
bench_mixed        write     208.90 M msg/s     4183.7 MB/s   (min 205.94, max 213.04, spread 3.4%)
bench_mixed        read      257.45 M msg/s     5156.0 MB/s   (min 256.72, max 257.93, spread 0.5%)
bitpacker          write       0.07 M msg/s     4070.5 MB/s   (min 0.07, max 0.07, spread 0.0%)
bitpacker          read        0.06 M msg/s     3703.2 MB/s   (min 0.06, max 0.06, spread 0.0%)
OK (corpus_id 7a7c343f1a446f4c)
results: build/bench/pass-20260817-101322/control-start.csv
=== leg control-start OK 2026-08-17T10:15:15Z
boundary: load1=1.72 foreign=0
--- pscheck [before-round-0-cpp] 2026-08-17T10:15:15Z load=1.72 2.39 2.70
  clean: none of ours running
=== leg round-0-cpp START 2026-08-17T10:15:15Z (bench/run.sh --only cpp --compiler g++ --bare --round 0 --reuse-build --out build/bench/pass-20260817-101322/round-0-cpp.csv)
== cpp: reusing build/bench/schema_bench_cpp ==
== cpp: run (Release) ==
schema bench (cpp, Release)
rigidbody_moving   write     132.13 M msg/s    13231.2 MB/s   (min 132.13, max 132.13, spread 0.0%)
rigidbody_moving   read      180.65 M msg/s    18089.8 MB/s   (min 180.65, max 180.65, spread 0.0%)
rigidbody_at_rest  write     308.31 M msg/s    16759.4 MB/s   (min 308.31, max 308.31, spread 0.0%)
rigidbody_at_rest  read       97.34 M msg/s     5291.2 MB/s   (min 97.34, max 97.34, spread 0.0%)
chat               write      69.79 M msg/s      865.2 MB/s   (min 69.79, max 69.79, spread 0.0%)
chat               read       99.96 M msg/s     1239.3 MB/s   (min 99.96, max 99.96, spread 0.0%)
test               write     246.65 M msg/s     1411.4 MB/s   (min 246.65, max 246.65, spread 0.0%)
test               read      727.36 M msg/s     4162.0 MB/s   (min 727.36, max 727.36, spread 0.0%)
inputpacket        write      51.39 M msg/s     2989.5 MB/s   (min 51.39, max 51.39, spread 0.0%)
inputpacket        read       40.14 M msg/s     2335.3 MB/s   (min 40.14, max 40.14, spread 0.0%)
shipcreate         write     122.90 M msg/s     3281.7 MB/s   (min 122.90, max 122.90, spread 0.0%)
shipcreate         read      141.87 M msg/s     3788.4 MB/s   (min 141.87, max 141.87, spread 0.0%)
ship_shallow       write     144.77 M msg/s     3865.8 MB/s   (min 144.77, max 144.77, spread 0.0%)
ship_shallow       read      155.99 M msg/s     4165.4 MB/s   (min 155.99, max 155.99, spread 0.0%)
probe_header       write     336.35 M msg/s     3207.7 MB/s   (min 336.35, max 336.35, spread 0.0%)
probe_header       read      895.36 M msg/s     8538.9 MB/s   (min 895.36, max 895.36, spread 0.0%)
probebits          write     199.72 M msg/s     4952.1 MB/s   (min 199.72, max 199.72, spread 0.0%)
probebits          read      441.36 M msg/s    10943.8 MB/s   (min 441.36, max 441.36, spread 0.0%)
probearray         write      25.32 M msg/s     1134.9 MB/s   (min 25.32, max 25.32, spread 0.0%)
probearray         read       30.94 M msg/s     1386.9 MB/s   (min 30.94, max 30.94, spread 0.0%)
testdata           write      22.63 M msg/s     1985.2 MB/s   (min 22.63, max 22.63, spread 0.0%)
testdata           read       30.12 M msg/s     2642.5 MB/s   (min 30.12, max 30.12, spread 0.0%)
real_packet        write       6.88 M msg/s     1339.2 MB/s   (min 6.88, max 6.88, spread 0.0%)
real_packet        read        9.42 M msg/s     1833.5 MB/s   (min 9.42, max 9.42, spread 0.0%)
message_batch      write     105.33 M msg/s     2511.2 MB/s   (min 105.33, max 105.33, spread 0.0%)
message_batch      read       61.67 M msg/s     1470.4 MB/s   (min 61.67, max 61.67, spread 0.0%)
bench_packet       write     123.33 M msg/s     5763.0 MB/s   (min 123.33, max 123.33, spread 0.0%)
bench_packet       read      229.03 M msg/s    10702.8 MB/s   (min 229.03, max 229.03, spread 0.0%)
bench_ints         write     211.71 M msg/s     2826.6 MB/s   (min 211.71, max 211.71, spread 0.0%)
bench_ints         read      259.82 M msg/s     3469.0 MB/s   (min 259.82, max 259.82, spread 0.0%)
bench_bits         write     277.72 M msg/s     5297.1 MB/s   (min 277.72, max 277.72, spread 0.0%)
bench_bits         read      355.48 M msg/s     6780.2 MB/s   (min 355.48, max 355.48, spread 0.0%)
bench_mixed        write     207.36 M msg/s     4152.9 MB/s   (min 207.36, max 207.36, spread 0.0%)
bench_mixed        read      254.57 M msg/s     5098.4 MB/s   (min 254.57, max 254.57, spread 0.0%)
bitpacker          write       0.07 M msg/s     4071.1 MB/s   (min 0.07, max 0.07, spread 0.0%)
bitpacker          read        0.06 M msg/s     3710.4 MB/s   (min 0.06, max 0.06, spread 0.0%)
OK (corpus_id 7a7c343f1a446f4c)
results: build/bench/pass-20260817-101322/round-0-cpp.csv
=== leg round-0-cpp OK 2026-08-17T10:15:42Z
--- pscheck [before-round-0-c] 2026-08-17T10:15:42Z load=1.49 2.27 2.65
  clean: none of ours running
=== leg round-0-c START 2026-08-17T10:15:42Z (bench/run.sh --only c --compiler g++ --bare --round 0 --out build/bench/pass-20260817-101322/round-0-c.csv)
== c: build (Release) ==
== c: run (Release) ==
schema bench (c, Release)
rigidbody_moving   write     127.58 M msg/s    12774.9 MB/s   (min 127.58, max 127.58, spread 0.0%)
rigidbody_moving   read      196.34 M msg/s    19660.7 MB/s   (min 196.34, max 196.34, spread 0.0%)
rigidbody_at_rest  write     206.68 M msg/s    11234.8 MB/s   (min 206.68, max 206.68, spread 0.0%)
rigidbody_at_rest  read       97.32 M msg/s     5290.5 MB/s   (min 97.32, max 97.32, spread 0.0%)
chat               write      66.00 M msg/s      818.2 MB/s   (min 66.00, max 66.00, spread 0.0%)
chat               read       95.66 M msg/s     1185.9 MB/s   (min 95.66, max 95.66, spread 0.0%)
test               write     403.69 M msg/s     2309.9 MB/s   (min 403.69, max 403.69, spread 0.0%)
test               read      737.96 M msg/s     4222.7 MB/s   (min 737.96, max 737.96, spread 0.0%)
inputpacket        write      55.22 M msg/s     3212.3 MB/s   (min 55.22, max 55.22, spread 0.0%)
inputpacket        read       22.77 M msg/s     1324.4 MB/s   (min 22.77, max 22.77, spread 0.0%)
shipcreate         write      78.72 M msg/s     2102.0 MB/s   (min 78.72, max 78.72, spread 0.0%)
shipcreate         read      137.92 M msg/s     3682.9 MB/s   (min 137.92, max 137.92, spread 0.0%)
ship_shallow       write      90.24 M msg/s     2409.5 MB/s   (min 90.24, max 90.24, spread 0.0%)
ship_shallow       read      155.56 M msg/s     4154.0 MB/s   (min 155.56, max 155.56, spread 0.0%)
probe_header       write     369.98 M msg/s     3528.4 MB/s   (min 369.98, max 369.98, spread 0.0%)
probe_header       read      889.10 M msg/s     8479.2 MB/s   (min 889.10, max 889.10, spread 0.0%)
probebits          write     246.65 M msg/s     6115.9 MB/s   (min 246.65, max 246.65, spread 0.0%)
probebits          read      428.02 M msg/s    10612.9 MB/s   (min 428.02, max 428.02, spread 0.0%)
probearray         write      49.33 M msg/s     2210.9 MB/s   (min 49.33, max 49.33, spread 0.0%)
probearray         read       78.68 M msg/s     3526.5 MB/s   (min 78.68, max 78.68, spread 0.0%)
testdata           write      21.00 M msg/s     1842.8 MB/s   (min 21.00, max 21.00, spread 0.0%)
testdata           read       47.38 M msg/s     4156.9 MB/s   (min 47.38, max 47.38, spread 0.0%)
real_packet        write       6.31 M msg/s     1228.1 MB/s   (min 6.31, max 6.31, spread 0.0%)
real_packet        read        7.91 M msg/s     1538.6 MB/s   (min 7.91, max 7.91, spread 0.0%)
message_batch      write      91.81 M msg/s     2188.8 MB/s   (min 91.81, max 91.81, spread 0.0%)
message_batch      read       61.83 M msg/s     1474.2 MB/s   (min 61.83, max 61.83, spread 0.0%)
bench_packet       write      68.46 M msg/s     3199.1 MB/s   (min 68.46, max 68.46, spread 0.0%)
bench_packet       read      104.09 M msg/s     4864.0 MB/s   (min 104.09, max 104.09, spread 0.0%)
bench_ints         write      94.87 M msg/s     1266.6 MB/s   (min 94.87, max 94.87, spread 0.0%)
bench_ints         read      142.20 M msg/s     1898.6 MB/s   (min 142.20, max 142.20, spread 0.0%)
bench_bits         write     293.80 M msg/s     5603.8 MB/s   (min 293.80, max 293.80, spread 0.0%)
bench_bits         read      357.90 M msg/s     6826.3 MB/s   (min 357.90, max 357.90, spread 0.0%)
bench_mixed        write      86.02 M msg/s     1722.8 MB/s   (min 86.02, max 86.02, spread 0.0%)
bench_mixed        read      132.05 M msg/s     2644.5 MB/s   (min 132.05, max 132.05, spread 0.0%)
bitpacker          write       0.06 M msg/s     3983.5 MB/s   (min 0.06, max 0.06, spread 0.0%)
bitpacker          read        0.06 M msg/s     3761.3 MB/s   (min 0.06, max 0.06, spread 0.0%)
OK (corpus_id 7a7c343f1a446f4c)
results: build/bench/pass-20260817-101322/round-0-c.csv
=== leg round-0-c OK 2026-08-17T10:16:15Z
--- pscheck [before-round-0-cpp-b] 2026-08-17T10:16:15Z load=1.37 2.16 2.60
  clean: none of ours running
=== leg round-0-cpp-b START 2026-08-17T10:16:15Z (bench/run.sh --only cpp --compiler g++ --bare --round 0 --reuse-build --out build/bench/pass-20260817-101322/round-0-cpp-b.csv)
== cpp: reusing build/bench/schema_bench_cpp ==
== cpp: run (Release) ==
schema bench (cpp, Release)
rigidbody_moving   write     132.12 M msg/s    13230.3 MB/s   (min 132.12, max 132.12, spread 0.0%)
rigidbody_moving   read      180.84 M msg/s    18109.0 MB/s   (min 180.84, max 180.84, spread 0.0%)
rigidbody_at_rest  write     308.31 M msg/s    16759.4 MB/s   (min 308.31, max 308.31, spread 0.0%)
rigidbody_at_rest  read       97.34 M msg/s     5291.2 MB/s   (min 97.34, max 97.34, spread 0.0%)
chat               write      69.80 M msg/s      865.4 MB/s   (min 69.80, max 69.80, spread 0.0%)
chat               read       99.96 M msg/s     1239.3 MB/s   (min 99.96, max 99.96, spread 0.0%)
test               write     246.64 M msg/s     1411.3 MB/s   (min 246.64, max 246.64, spread 0.0%)
test               read      729.65 M msg/s     4175.1 MB/s   (min 729.65, max 729.65, spread 0.0%)
inputpacket        write      51.33 M msg/s     2986.1 MB/s   (min 51.33, max 51.33, spread 0.0%)
inputpacket        read       40.20 M msg/s     2338.3 MB/s   (min 40.20, max 40.20, spread 0.0%)
shipcreate         write     122.88 M msg/s     3281.3 MB/s   (min 122.88, max 122.88, spread 0.0%)
shipcreate         read      142.00 M msg/s     3791.9 MB/s   (min 142.00, max 142.00, spread 0.0%)
ship_shallow       write     144.87 M msg/s     3868.4 MB/s   (min 144.87, max 144.87, spread 0.0%)
ship_shallow       read      156.08 M msg/s     4167.8 MB/s   (min 156.08, max 156.08, spread 0.0%)
probe_header       write     336.34 M msg/s     3207.6 MB/s   (min 336.34, max 336.34, spread 0.0%)
probe_header       read      893.34 M msg/s     8519.6 MB/s   (min 893.34, max 893.34, spread 0.0%)
probebits          write     202.63 M msg/s     5024.4 MB/s   (min 202.63, max 202.63, spread 0.0%)
probebits          read      441.22 M msg/s    10940.3 MB/s   (min 441.22, max 441.22, spread 0.0%)
probearray         write      25.37 M msg/s     1137.2 MB/s   (min 25.37, max 25.37, spread 0.0%)
probearray         read       30.96 M msg/s     1387.5 MB/s   (min 30.96, max 30.96, spread 0.0%)
testdata           write      22.62 M msg/s     1985.0 MB/s   (min 22.62, max 22.62, spread 0.0%)
testdata           read       30.26 M msg/s     2655.0 MB/s   (min 30.26, max 30.26, spread 0.0%)
real_packet        write       6.87 M msg/s     1335.9 MB/s   (min 6.87, max 6.87, spread 0.0%)
real_packet        read        9.42 M msg/s     1833.1 MB/s   (min 9.42, max 9.42, spread 0.0%)
message_batch      write     105.22 M msg/s     2508.7 MB/s   (min 105.22, max 105.22, spread 0.0%)
message_batch      read       61.64 M msg/s     1469.6 MB/s   (min 61.64, max 61.64, spread 0.0%)
bench_packet       write     123.33 M msg/s     5763.1 MB/s   (min 123.33, max 123.33, spread 0.0%)
bench_packet       read      223.71 M msg/s    10453.9 MB/s   (min 223.71, max 223.71, spread 0.0%)
bench_ints         write     213.12 M msg/s     2845.4 MB/s   (min 213.12, max 213.12, spread 0.0%)
bench_ints         read      260.00 M msg/s     3471.4 MB/s   (min 260.00, max 260.00, spread 0.0%)
bench_bits         write     277.81 M msg/s     5298.8 MB/s   (min 277.81, max 277.81, spread 0.0%)
bench_bits         read      359.32 M msg/s     6853.4 MB/s   (min 359.32, max 359.32, spread 0.0%)
bench_mixed        write     203.17 M msg/s     4068.9 MB/s   (min 203.17, max 203.17, spread 0.0%)
bench_mixed        read      256.41 M msg/s     5135.1 MB/s   (min 256.41, max 256.41, spread 0.0%)
bitpacker          write       0.07 M msg/s     4070.9 MB/s   (min 0.07, max 0.07, spread 0.0%)
bitpacker          read        0.06 M msg/s     3710.0 MB/s   (min 0.06, max 0.06, spread 0.0%)
OK (corpus_id 7a7c343f1a446f4c)
results: build/bench/pass-20260817-101322/round-0-cpp-b.csv
=== leg round-0-cpp-b OK 2026-08-17T10:16:43Z
--- pscheck [before-round-0-c-b] 2026-08-17T10:16:43Z load=1.22 2.05 2.55
  clean: none of ours running
=== leg round-0-c-b START 2026-08-17T10:16:43Z (bench/run.sh --only c --compiler g++ --bare --round 0 --reuse-build --out build/bench/pass-20260817-101322/round-0-c-b.csv)
== c: reusing build/bench/schema_bench_c ==
== c: run (Release) ==
schema bench (c, Release)
rigidbody_moving   write     127.58 M msg/s    12774.9 MB/s   (min 127.58, max 127.58, spread 0.0%)
rigidbody_moving   read      197.13 M msg/s    19739.4 MB/s   (min 197.13, max 197.13, spread 0.0%)
rigidbody_at_rest  write     208.17 M msg/s    11315.9 MB/s   (min 208.17, max 208.17, spread 0.0%)
rigidbody_at_rest  read       97.33 M msg/s     5290.6 MB/s   (min 97.33, max 97.33, spread 0.0%)
chat               write      65.97 M msg/s      817.9 MB/s   (min 65.97, max 65.97, spread 0.0%)
chat               read       99.96 M msg/s     1239.2 MB/s   (min 99.96, max 99.96, spread 0.0%)
test               write     403.62 M msg/s     2309.5 MB/s   (min 403.62, max 403.62, spread 0.0%)
test               read      740.66 M msg/s     4238.1 MB/s   (min 740.66, max 740.66, spread 0.0%)
inputpacket        write      55.22 M msg/s     3212.3 MB/s   (min 55.22, max 55.22, spread 0.0%)
inputpacket        read       22.79 M msg/s     1326.0 MB/s   (min 22.79, max 22.79, spread 0.0%)
shipcreate         write      82.27 M msg/s     2196.8 MB/s   (min 82.27, max 82.27, spread 0.0%)
shipcreate         read      134.64 M msg/s     3595.2 MB/s   (min 134.64, max 134.64, spread 0.0%)
ship_shallow       write      97.98 M msg/s     2616.4 MB/s   (min 97.98, max 97.98, spread 0.0%)
ship_shallow       read      156.61 M msg/s     4181.9 MB/s   (min 156.61, max 156.61, spread 0.0%)
probe_header       write     388.17 M msg/s     3701.9 MB/s   (min 388.17, max 388.17, spread 0.0%)
probe_header       read      896.23 M msg/s     8547.1 MB/s   (min 896.23, max 896.23, spread 0.0%)
probebits          write     246.65 M msg/s     6115.9 MB/s   (min 246.65, max 246.65, spread 0.0%)
probebits          read      429.31 M msg/s    10644.9 MB/s   (min 429.31, max 429.31, spread 0.0%)
probearray         write      49.33 M msg/s     2210.9 MB/s   (min 49.33, max 49.33, spread 0.0%)
probearray         read       78.64 M msg/s     3524.8 MB/s   (min 78.64, max 78.64, spread 0.0%)
testdata           write      20.95 M msg/s     1838.2 MB/s   (min 20.95, max 20.95, spread 0.0%)
testdata           read       48.45 M msg/s     4251.0 MB/s   (min 48.45, max 48.45, spread 0.0%)
real_packet        write       6.28 M msg/s     1221.2 MB/s   (min 6.28, max 6.28, spread 0.0%)
real_packet        read        7.92 M msg/s     1540.3 MB/s   (min 7.92, max 7.92, spread 0.0%)
message_batch      write      91.49 M msg/s     2181.2 MB/s   (min 91.49, max 91.49, spread 0.0%)
message_batch      read       60.44 M msg/s     1440.9 MB/s   (min 60.44, max 60.44, spread 0.0%)
bench_packet       write      68.45 M msg/s     3198.7 MB/s   (min 68.45, max 68.45, spread 0.0%)
bench_packet       read      104.07 M msg/s     4863.3 MB/s   (min 104.07, max 104.07, spread 0.0%)
bench_ints         write      99.37 M msg/s     1326.7 MB/s   (min 99.37, max 99.37, spread 0.0%)
bench_ints         read      142.24 M msg/s     1899.1 MB/s   (min 142.24, max 142.24, spread 0.0%)
bench_bits         write     291.73 M msg/s     5564.2 MB/s   (min 291.73, max 291.73, spread 0.0%)
bench_bits         read      358.17 M msg/s     6831.6 MB/s   (min 358.17, max 358.17, spread 0.0%)
bench_mixed        write      86.04 M msg/s     1723.1 MB/s   (min 86.04, max 86.04, spread 0.0%)
bench_mixed        read      132.05 M msg/s     2644.6 MB/s   (min 132.05, max 132.05, spread 0.0%)
bitpacker          write       0.06 M msg/s     3982.9 MB/s   (min 0.06, max 0.06, spread 0.0%)
bitpacker          read        0.06 M msg/s     3761.0 MB/s   (min 0.06, max 0.06, spread 0.0%)
OK (corpus_id 7a7c343f1a446f4c)
results: build/bench/pass-20260817-101322/round-0-c-b.csv
=== leg round-0-c-b OK 2026-08-17T10:17:11Z
boundary: load1=1.14 foreign=0
--- pscheck [before-round-1-cpp-b] 2026-08-17T10:17:11Z load=1.14 1.97 2.51
  clean: none of ours running
=== leg round-1-cpp-b START 2026-08-17T10:17:12Z (bench/run.sh --only cpp --compiler g++ --bare --round 1 --reuse-build --out build/bench/pass-20260817-101322/round-1-cpp-b.csv)
== cpp: reusing build/bench/schema_bench_cpp ==
== cpp: run (Release) ==
schema bench (cpp, Release)
rigidbody_moving   write     132.13 M msg/s    13231.0 MB/s   (min 132.13, max 132.13, spread 0.0%)
rigidbody_moving   read      180.42 M msg/s    18066.8 MB/s   (min 180.42, max 180.42, spread 0.0%)
rigidbody_at_rest  write     308.31 M msg/s    16759.8 MB/s   (min 308.31, max 308.31, spread 0.0%)
rigidbody_at_rest  read       97.34 M msg/s     5291.2 MB/s   (min 97.34, max 97.34, spread 0.0%)
chat               write      69.76 M msg/s      864.9 MB/s   (min 69.76, max 69.76, spread 0.0%)
chat               read       96.19 M msg/s     1192.5 MB/s   (min 96.19, max 96.19, spread 0.0%)
test               write     246.64 M msg/s     1411.3 MB/s   (min 246.64, max 246.64, spread 0.0%)
test               read      735.38 M msg/s     4207.9 MB/s   (min 735.38, max 735.38, spread 0.0%)
inputpacket        write      51.34 M msg/s     2986.5 MB/s   (min 51.34, max 51.34, spread 0.0%)
inputpacket        read       40.20 M msg/s     2338.4 MB/s   (min 40.20, max 40.20, spread 0.0%)
shipcreate         write     122.89 M msg/s     3281.4 MB/s   (min 122.89, max 122.89, spread 0.0%)
shipcreate         read      145.22 M msg/s     3877.8 MB/s   (min 145.22, max 145.22, spread 0.0%)
ship_shallow       write     145.02 M msg/s     3872.6 MB/s   (min 145.02, max 145.02, spread 0.0%)
ship_shallow       read      155.58 M msg/s     4154.5 MB/s   (min 155.58, max 155.58, spread 0.0%)
probe_header       write     336.34 M msg/s     3207.6 MB/s   (min 336.34, max 336.34, spread 0.0%)
probe_header       read      898.97 M msg/s     8573.2 MB/s   (min 898.97, max 898.97, spread 0.0%)
probebits          write     197.40 M msg/s     4894.6 MB/s   (min 197.40, max 197.40, spread 0.0%)
probebits          read      440.53 M msg/s    10923.1 MB/s   (min 440.53, max 440.53, spread 0.0%)
probearray         write      25.40 M msg/s     1138.4 MB/s   (min 25.40, max 25.40, spread 0.0%)
probearray         read       30.83 M msg/s     1381.8 MB/s   (min 30.83, max 30.83, spread 0.0%)
testdata           write      22.67 M msg/s     1989.1 MB/s   (min 22.67, max 22.67, spread 0.0%)
testdata           read       30.16 M msg/s     2646.0 MB/s   (min 30.16, max 30.16, spread 0.0%)
real_packet        write       6.96 M msg/s     1354.2 MB/s   (min 6.96, max 6.96, spread 0.0%)
real_packet        read        9.42 M msg/s     1833.2 MB/s   (min 9.42, max 9.42, spread 0.0%)
message_batch      write     104.97 M msg/s     2502.8 MB/s   (min 104.97, max 104.97, spread 0.0%)
message_batch      read       61.64 M msg/s     1469.5 MB/s   (min 61.64, max 61.64, spread 0.0%)
bench_packet       write     123.33 M msg/s     5763.1 MB/s   (min 123.33, max 123.33, spread 0.0%)
bench_packet       read      241.70 M msg/s    11294.6 MB/s   (min 241.70, max 241.70, spread 0.0%)
bench_ints         write     213.45 M msg/s     2849.9 MB/s   (min 213.45, max 213.45, spread 0.0%)
bench_ints         read      256.20 M msg/s     3420.6 MB/s   (min 256.20, max 256.20, spread 0.0%)
bench_bits         write     279.61 M msg/s     5333.1 MB/s   (min 279.61, max 279.61, spread 0.0%)
bench_bits         read      356.28 M msg/s     6795.5 MB/s   (min 356.28, max 356.28, spread 0.0%)
bench_mixed        write     204.75 M msg/s     4100.6 MB/s   (min 204.75, max 204.75, spread 0.0%)
bench_mixed        read      255.31 M msg/s     5113.1 MB/s   (min 255.31, max 255.31, spread 0.0%)
bitpacker          write       0.07 M msg/s     4065.6 MB/s   (min 0.07, max 0.07, spread 0.0%)
bitpacker          read        0.06 M msg/s     3710.4 MB/s   (min 0.06, max 0.06, spread 0.0%)
OK (corpus_id 7a7c343f1a446f4c)
results: build/bench/pass-20260817-101322/round-1-cpp-b.csv
=== leg round-1-cpp-b OK 2026-08-17T10:17:39Z
--- pscheck [before-round-1-c-b] 2026-08-17T10:17:39Z load=1.09 1.87 2.46
  clean: none of ours running
=== leg round-1-c-b START 2026-08-17T10:17:39Z (bench/run.sh --only c --compiler g++ --bare --round 1 --reuse-build --out build/bench/pass-20260817-101322/round-1-c-b.csv)
== c: reusing build/bench/schema_bench_c ==
== c: run (Release) ==
schema bench (c, Release)
rigidbody_moving   write     127.58 M msg/s    12774.9 MB/s   (min 127.58, max 127.58, spread 0.0%)
rigidbody_moving   read      196.37 M msg/s    19663.3 MB/s   (min 196.37, max 196.37, spread 0.0%)
rigidbody_at_rest  write     208.36 M msg/s    11326.4 MB/s   (min 208.36, max 208.36, spread 0.0%)
rigidbody_at_rest  read       97.33 M msg/s     5290.5 MB/s   (min 97.33, max 97.33, spread 0.0%)
chat               write      66.02 M msg/s      818.5 MB/s   (min 66.02, max 66.02, spread 0.0%)
chat               read       99.96 M msg/s     1239.3 MB/s   (min 99.96, max 99.96, spread 0.0%)
test               write     403.82 M msg/s     2310.7 MB/s   (min 403.82, max 403.82, spread 0.0%)
test               read      739.86 M msg/s     4233.5 MB/s   (min 739.86, max 739.86, spread 0.0%)
inputpacket        write      55.22 M msg/s     3212.3 MB/s   (min 55.22, max 55.22, spread 0.0%)
inputpacket        read       22.82 M msg/s     1327.7 MB/s   (min 22.82, max 22.82, spread 0.0%)
shipcreate         write      84.07 M msg/s     2244.8 MB/s   (min 84.07, max 84.07, spread 0.0%)
shipcreate         read      136.31 M msg/s     3639.8 MB/s   (min 136.31, max 136.31, spread 0.0%)
ship_shallow       write      98.63 M msg/s     2633.6 MB/s   (min 98.63, max 98.63, spread 0.0%)
ship_shallow       read      156.38 M msg/s     4175.7 MB/s   (min 156.38, max 156.38, spread 0.0%)
probe_header       write     387.06 M msg/s     3691.3 MB/s   (min 387.06, max 387.06, spread 0.0%)
probe_header       read      892.83 M msg/s     8514.7 MB/s   (min 892.83, max 892.83, spread 0.0%)
probebits          write     246.65 M msg/s     6115.8 MB/s   (min 246.65, max 246.65, spread 0.0%)
probebits          read      430.71 M msg/s    10679.7 MB/s   (min 430.71, max 430.71, spread 0.0%)
probearray         write      49.33 M msg/s     2211.0 MB/s   (min 49.33, max 49.33, spread 0.0%)
probearray         read       78.50 M msg/s     3518.4 MB/s   (min 78.50, max 78.50, spread 0.0%)
testdata           write      20.94 M msg/s     1837.5 MB/s   (min 20.94, max 20.94, spread 0.0%)
testdata           read       48.52 M msg/s     4256.9 MB/s   (min 48.52, max 48.52, spread 0.0%)
real_packet        write       6.29 M msg/s     1224.3 MB/s   (min 6.29, max 6.29, spread 0.0%)
real_packet        read        7.91 M msg/s     1538.0 MB/s   (min 7.91, max 7.91, spread 0.0%)
message_batch      write      91.35 M msg/s     2178.0 MB/s   (min 91.35, max 91.35, spread 0.0%)
message_batch      read       60.52 M msg/s     1442.9 MB/s   (min 60.52, max 60.52, spread 0.0%)
bench_packet       write      67.31 M msg/s     3145.6 MB/s   (min 67.31, max 67.31, spread 0.0%)
bench_packet       read      104.07 M msg/s     4863.3 MB/s   (min 104.07, max 104.07, spread 0.0%)
bench_ints         write      99.59 M msg/s     1329.7 MB/s   (min 99.59, max 99.59, spread 0.0%)
bench_ints         read      142.22 M msg/s     1898.9 MB/s   (min 142.22, max 142.22, spread 0.0%)
bench_bits         write     287.01 M msg/s     5474.3 MB/s   (min 287.01, max 287.01, spread 0.0%)
bench_bits         read      359.27 M msg/s     6852.6 MB/s   (min 359.27, max 359.27, spread 0.0%)
bench_mixed        write      86.04 M msg/s     1723.2 MB/s   (min 86.04, max 86.04, spread 0.0%)
bench_mixed        read      132.03 M msg/s     2644.2 MB/s   (min 132.03, max 132.03, spread 0.0%)
bitpacker          write       0.06 M msg/s     3986.2 MB/s   (min 0.06, max 0.06, spread 0.0%)
bitpacker          read        0.06 M msg/s     3762.2 MB/s   (min 0.06, max 0.06, spread 0.0%)
OK (corpus_id 7a7c343f1a446f4c)
results: build/bench/pass-20260817-101322/round-1-c-b.csv
=== leg round-1-c-b OK 2026-08-17T10:18:08Z
--- pscheck [before-round-1-cpp] 2026-08-17T10:18:08Z load=1.05 1.79 2.41
  clean: none of ours running
=== leg round-1-cpp START 2026-08-17T10:18:08Z (bench/run.sh --only cpp --compiler g++ --bare --round 1 --reuse-build --out build/bench/pass-20260817-101322/round-1-cpp.csv)
== cpp: reusing build/bench/schema_bench_cpp ==
== cpp: run (Release) ==
schema bench (cpp, Release)
rigidbody_moving   write     132.12 M msg/s    13230.0 MB/s   (min 132.12, max 132.12, spread 0.0%)
rigidbody_moving   read      180.68 M msg/s    18092.2 MB/s   (min 180.68, max 180.68, spread 0.0%)
rigidbody_at_rest  write     264.27 M msg/s    14365.7 MB/s   (min 264.27, max 264.27, spread 0.0%)
rigidbody_at_rest  read       97.34 M msg/s     5291.2 MB/s   (min 97.34, max 97.34, spread 0.0%)
chat               write      69.73 M msg/s      864.4 MB/s   (min 69.73, max 69.73, spread 0.0%)
chat               read       99.96 M msg/s     1239.3 MB/s   (min 99.96, max 99.96, spread 0.0%)
test               write     246.64 M msg/s     1411.3 MB/s   (min 246.64, max 246.64, spread 0.0%)
test               read      731.66 M msg/s     4186.6 MB/s   (min 731.66, max 731.66, spread 0.0%)
inputpacket        write      59.67 M msg/s     3471.4 MB/s   (min 59.67, max 59.67, spread 0.0%)
inputpacket        read       40.20 M msg/s     2338.5 MB/s   (min 40.20, max 40.20, spread 0.0%)
shipcreate         write     122.76 M msg/s     3277.9 MB/s   (min 122.76, max 122.76, spread 0.0%)
shipcreate         read      142.17 M msg/s     3796.4 MB/s   (min 142.17, max 142.17, spread 0.0%)
ship_shallow       write     144.91 M msg/s     3869.6 MB/s   (min 144.91, max 144.91, spread 0.0%)
ship_shallow       read      156.04 M msg/s     4166.6 MB/s   (min 156.04, max 156.04, spread 0.0%)
probe_header       write     336.35 M msg/s     3207.6 MB/s   (min 336.35, max 336.35, spread 0.0%)
probe_header       read      901.87 M msg/s     8600.9 MB/s   (min 901.87, max 901.87, spread 0.0%)
probebits          write     202.36 M msg/s     5017.7 MB/s   (min 202.36, max 202.36, spread 0.0%)
probebits          read      440.39 M msg/s    10919.8 MB/s   (min 440.39, max 440.39, spread 0.0%)
probearray         write      25.34 M msg/s     1135.6 MB/s   (min 25.34, max 25.34, spread 0.0%)
probearray         read       30.87 M msg/s     1383.5 MB/s   (min 30.87, max 30.87, spread 0.0%)
testdata           write      22.02 M msg/s     1931.8 MB/s   (min 22.02, max 22.02, spread 0.0%)
testdata           read       30.21 M msg/s     2650.2 MB/s   (min 30.21, max 30.21, spread 0.0%)
real_packet        write       6.85 M msg/s     1332.8 MB/s   (min 6.85, max 6.85, spread 0.0%)
real_packet        read        9.42 M msg/s     1832.3 MB/s   (min 9.42, max 9.42, spread 0.0%)
message_batch      write     104.29 M msg/s     2486.4 MB/s   (min 104.29, max 104.29, spread 0.0%)
message_batch      read       63.01 M msg/s     1502.3 MB/s   (min 63.01, max 63.01, spread 0.0%)
bench_packet       write     123.33 M msg/s     5763.1 MB/s   (min 123.33, max 123.33, spread 0.0%)
bench_packet       read      214.27 M msg/s    10012.8 MB/s   (min 214.27, max 214.27, spread 0.0%)
bench_ints         write     213.36 M msg/s     2848.6 MB/s   (min 213.36, max 213.36, spread 0.0%)
bench_ints         read      258.79 M msg/s     3455.2 MB/s   (min 258.79, max 258.79, spread 0.0%)
bench_bits         write     276.90 M msg/s     5281.5 MB/s   (min 276.90, max 276.90, spread 0.0%)
bench_bits         read      353.37 M msg/s     6739.9 MB/s   (min 353.37, max 353.37, spread 0.0%)
bench_mixed        write     208.84 M msg/s     4182.5 MB/s   (min 208.84, max 208.84, spread 0.0%)
bench_mixed        read      255.94 M msg/s     5125.8 MB/s   (min 255.94, max 255.94, spread 0.0%)
bitpacker          write       0.07 M msg/s     4070.8 MB/s   (min 0.07, max 0.07, spread 0.0%)
bitpacker          read        0.06 M msg/s     3702.2 MB/s   (min 0.06, max 0.06, spread 0.0%)
OK (corpus_id 7a7c343f1a446f4c)
results: build/bench/pass-20260817-101322/round-1-cpp.csv
=== leg round-1-cpp OK 2026-08-17T10:18:35Z
--- pscheck [before-round-1-c] 2026-08-17T10:18:35Z load=1.03 1.72 2.37
  clean: none of ours running
=== leg round-1-c START 2026-08-17T10:18:35Z (bench/run.sh --only c --compiler g++ --bare --round 1 --reuse-build --out build/bench/pass-20260817-101322/round-1-c.csv)
== c: reusing build/bench/schema_bench_c ==
== c: run (Release) ==
schema bench (c, Release)
rigidbody_moving   write     127.58 M msg/s    12775.0 MB/s   (min 127.58, max 127.58, spread 0.0%)
rigidbody_moving   read      195.84 M msg/s    19610.8 MB/s   (min 195.84, max 195.84, spread 0.0%)
rigidbody_at_rest  write     208.27 M msg/s    11321.5 MB/s   (min 208.27, max 208.27, spread 0.0%)
rigidbody_at_rest  read       97.33 M msg/s     5290.6 MB/s   (min 97.33, max 97.33, spread 0.0%)
chat               write      65.98 M msg/s      818.0 MB/s   (min 65.98, max 65.98, spread 0.0%)
chat               read       96.23 M msg/s     1193.0 MB/s   (min 96.23, max 96.23, spread 0.0%)
test               write     403.93 M msg/s     2311.3 MB/s   (min 403.93, max 403.93, spread 0.0%)
test               read      740.53 M msg/s     4237.3 MB/s   (min 740.53, max 740.53, spread 0.0%)
inputpacket        write      55.22 M msg/s     3212.3 MB/s   (min 55.22, max 55.22, spread 0.0%)
inputpacket        read       22.76 M msg/s     1324.3 MB/s   (min 22.76, max 22.76, spread 0.0%)
shipcreate         write      84.07 M msg/s     2244.8 MB/s   (min 84.07, max 84.07, spread 0.0%)
shipcreate         read      135.19 M msg/s     3609.9 MB/s   (min 135.19, max 135.19, spread 0.0%)
ship_shallow       write      97.89 M msg/s     2613.9 MB/s   (min 97.89, max 97.89, spread 0.0%)
ship_shallow       read      156.35 M msg/s     4175.0 MB/s   (min 156.35, max 156.35, spread 0.0%)
probe_header       write     388.32 M msg/s     3703.3 MB/s   (min 388.32, max 388.32, spread 0.0%)
probe_header       read      894.71 M msg/s     8532.6 MB/s   (min 894.71, max 894.71, spread 0.0%)
probebits          write     246.65 M msg/s     6115.9 MB/s   (min 246.65, max 246.65, spread 0.0%)
probebits          read      430.06 M msg/s    10663.7 MB/s   (min 430.06, max 430.06, spread 0.0%)
probearray         write      49.33 M msg/s     2210.9 MB/s   (min 49.33, max 49.33, spread 0.0%)
probearray         read       78.67 M msg/s     3526.1 MB/s   (min 78.67, max 78.67, spread 0.0%)
testdata           write      20.86 M msg/s     1830.2 MB/s   (min 20.86, max 20.86, spread 0.0%)
testdata           read       47.51 M msg/s     4168.4 MB/s   (min 47.51, max 47.51, spread 0.0%)
real_packet        write       6.27 M msg/s     1219.6 MB/s   (min 6.27, max 6.27, spread 0.0%)
real_packet        read        7.92 M msg/s     1541.2 MB/s   (min 7.92, max 7.92, spread 0.0%)
message_batch      write      91.01 M msg/s     2169.9 MB/s   (min 91.01, max 91.01, spread 0.0%)
message_batch      read       61.33 M msg/s     1462.1 MB/s   (min 61.33, max 61.33, spread 0.0%)
bench_packet       write      68.51 M msg/s     3201.7 MB/s   (min 68.51, max 68.51, spread 0.0%)
bench_packet       read      104.09 M msg/s     4864.1 MB/s   (min 104.09, max 104.09, spread 0.0%)
bench_ints         write      99.53 M msg/s     1328.9 MB/s   (min 99.53, max 99.53, spread 0.0%)
bench_ints         read      142.24 M msg/s     1899.1 MB/s   (min 142.24, max 142.24, spread 0.0%)
bench_bits         write     292.30 M msg/s     5575.1 MB/s   (min 292.30, max 292.30, spread 0.0%)
bench_bits         read      357.03 M msg/s     6809.8 MB/s   (min 357.03, max 357.03, spread 0.0%)
bench_mixed        write      86.04 M msg/s     1723.1 MB/s   (min 86.04, max 86.04, spread 0.0%)
bench_mixed        read      132.06 M msg/s     2644.8 MB/s   (min 132.06, max 132.06, spread 0.0%)
bitpacker          write       0.06 M msg/s     3984.7 MB/s   (min 0.06, max 0.06, spread 0.0%)
bitpacker          read        0.06 M msg/s     3761.3 MB/s   (min 0.06, max 0.06, spread 0.0%)
OK (corpus_id 7a7c343f1a446f4c)
results: build/bench/pass-20260817-101322/round-1-c.csv
=== leg round-1-c OK 2026-08-17T10:19:03Z
boundary: load1=1.02 foreign=0
--- pscheck [before-round-2-cpp] 2026-08-17T10:19:04Z load=1.02 1.65 2.33
  clean: none of ours running
=== leg round-2-cpp START 2026-08-17T10:19:04Z (bench/run.sh --only cpp --compiler g++ --bare --round 2 --reuse-build --out build/bench/pass-20260817-101322/round-2-cpp.csv)
== cpp: reusing build/bench/schema_bench_cpp ==
== cpp: run (Release) ==
schema bench (cpp, Release)
rigidbody_moving   write     132.13 M msg/s    13230.8 MB/s   (min 132.13, max 132.13, spread 0.0%)
rigidbody_moving   read      180.23 M msg/s    18047.8 MB/s   (min 180.23, max 180.23, spread 0.0%)
rigidbody_at_rest  write     308.31 M msg/s    16759.6 MB/s   (min 308.31, max 308.31, spread 0.0%)
rigidbody_at_rest  read       97.34 M msg/s     5291.2 MB/s   (min 97.34, max 97.34, spread 0.0%)
chat               write      69.80 M msg/s      865.4 MB/s   (min 69.80, max 69.80, spread 0.0%)
chat               read       96.07 M msg/s     1191.1 MB/s   (min 96.07, max 96.07, spread 0.0%)
test               write     246.64 M msg/s     1411.3 MB/s   (min 246.64, max 246.64, spread 0.0%)
test               read      736.00 M msg/s     4211.5 MB/s   (min 736.00, max 736.00, spread 0.0%)
inputpacket        write      51.33 M msg/s     2986.1 MB/s   (min 51.33, max 51.33, spread 0.0%)
inputpacket        read       40.20 M msg/s     2338.4 MB/s   (min 40.20, max 40.20, spread 0.0%)
shipcreate         write     122.89 M msg/s     3281.4 MB/s   (min 122.89, max 122.89, spread 0.0%)
shipcreate         read      144.90 M msg/s     3869.2 MB/s   (min 144.90, max 144.90, spread 0.0%)
ship_shallow       write     145.03 M msg/s     3872.6 MB/s   (min 145.03, max 145.03, spread 0.0%)
ship_shallow       read      155.61 M msg/s     4155.3 MB/s   (min 155.61, max 155.61, spread 0.0%)
probe_header       write     336.34 M msg/s     3207.6 MB/s   (min 336.34, max 336.34, spread 0.0%)
probe_header       read      900.71 M msg/s     8589.9 MB/s   (min 900.71, max 900.71, spread 0.0%)
probebits          write     196.35 M msg/s     4868.6 MB/s   (min 196.35, max 196.35, spread 0.0%)
probebits          read      440.57 M msg/s    10924.3 MB/s   (min 440.57, max 440.57, spread 0.0%)
probearray         write      25.35 M msg/s     1136.4 MB/s   (min 25.35, max 25.35, spread 0.0%)
probearray         read       30.97 M msg/s     1388.1 MB/s   (min 30.97, max 30.97, spread 0.0%)
testdata           write      22.67 M msg/s     1989.0 MB/s   (min 22.67, max 22.67, spread 0.0%)
testdata           read       29.82 M msg/s     2615.9 MB/s   (min 29.82, max 29.82, spread 0.0%)
real_packet        write       6.91 M msg/s     1344.8 MB/s   (min 6.91, max 6.91, spread 0.0%)
real_packet        read        9.42 M msg/s     1833.6 MB/s   (min 9.42, max 9.42, spread 0.0%)
message_batch      write     105.43 M msg/s     2513.7 MB/s   (min 105.43, max 105.43, spread 0.0%)
message_batch      read       62.24 M msg/s     1483.8 MB/s   (min 62.24, max 62.24, spread 0.0%)
bench_packet       write     123.33 M msg/s     5763.1 MB/s   (min 123.33, max 123.33, spread 0.0%)
bench_packet       read      210.09 M msg/s     9817.4 MB/s   (min 210.09, max 210.09, spread 0.0%)
bench_ints         write     213.22 M msg/s     2846.7 MB/s   (min 213.22, max 213.22, spread 0.0%)
bench_ints         read      257.84 M msg/s     3442.5 MB/s   (min 257.84, max 257.84, spread 0.0%)
bench_bits         write     277.24 M msg/s     5288.0 MB/s   (min 277.24, max 277.24, spread 0.0%)
bench_bits         read      354.39 M msg/s     6759.5 MB/s   (min 354.39, max 354.39, spread 0.0%)
bench_mixed        write     210.08 M msg/s     4207.4 MB/s   (min 210.08, max 210.08, spread 0.0%)
bench_mixed        read      255.59 M msg/s     5118.8 MB/s   (min 255.59, max 255.59, spread 0.0%)
bitpacker          write       0.07 M msg/s     4070.9 MB/s   (min 0.07, max 0.07, spread 0.0%)
bitpacker          read        0.06 M msg/s     3709.8 MB/s   (min 0.06, max 0.06, spread 0.0%)
OK (corpus_id 7a7c343f1a446f4c)
results: build/bench/pass-20260817-101322/round-2-cpp.csv
=== leg round-2-cpp OK 2026-08-17T10:19:31Z
--- pscheck [before-round-2-c] 2026-08-17T10:19:31Z load=1.01 1.60 2.29
  clean: none of ours running
=== leg round-2-c START 2026-08-17T10:19:31Z (bench/run.sh --only c --compiler g++ --bare --round 2 --reuse-build --out build/bench/pass-20260817-101322/round-2-c.csv)
== c: reusing build/bench/schema_bench_c ==
== c: run (Release) ==
schema bench (c, Release)
rigidbody_moving   write     127.58 M msg/s    12774.9 MB/s   (min 127.58, max 127.58, spread 0.0%)
rigidbody_moving   read      196.13 M msg/s    19639.9 MB/s   (min 196.13, max 196.13, spread 0.0%)
rigidbody_at_rest  write     206.69 M msg/s    11235.3 MB/s   (min 206.69, max 206.69, spread 0.0%)
rigidbody_at_rest  read       97.32 M msg/s     5290.1 MB/s   (min 97.32, max 97.32, spread 0.0%)
chat               write      65.48 M msg/s      811.8 MB/s   (min 65.48, max 65.48, spread 0.0%)
chat               read       99.96 M msg/s     1239.3 MB/s   (min 99.96, max 99.96, spread 0.0%)
test               write     403.96 M msg/s     2311.5 MB/s   (min 403.96, max 403.96, spread 0.0%)
test               read      734.27 M msg/s     4201.5 MB/s   (min 734.27, max 734.27, spread 0.0%)
inputpacket        write      55.22 M msg/s     3212.3 MB/s   (min 55.22, max 55.22, spread 0.0%)
inputpacket        read       22.73 M msg/s     1322.6 MB/s   (min 22.73, max 22.73, spread 0.0%)
shipcreate         write      78.48 M msg/s     2095.6 MB/s   (min 78.48, max 78.48, spread 0.0%)
shipcreate         read      134.06 M msg/s     3579.8 MB/s   (min 134.06, max 134.06, spread 0.0%)
ship_shallow       write      90.23 M msg/s     2409.3 MB/s   (min 90.23, max 90.23, spread 0.0%)
ship_shallow       read      156.45 M msg/s     4177.6 MB/s   (min 156.45, max 156.45, spread 0.0%)
probe_header       write     369.98 M msg/s     3528.4 MB/s   (min 369.98, max 369.98, spread 0.0%)
probe_header       read      871.56 M msg/s     8311.8 MB/s   (min 871.56, max 871.56, spread 0.0%)
probebits          write     246.65 M msg/s     6115.9 MB/s   (min 246.65, max 246.65, spread 0.0%)
probebits          read      430.72 M msg/s    10679.8 MB/s   (min 430.72, max 430.72, spread 0.0%)
probearray         write      49.33 M msg/s     2210.9 MB/s   (min 49.33, max 49.33, spread 0.0%)
probearray         read       78.67 M msg/s     3526.4 MB/s   (min 78.67, max 78.67, spread 0.0%)
testdata           write      20.94 M msg/s     1837.3 MB/s   (min 20.94, max 20.94, spread 0.0%)
testdata           read       47.98 M msg/s     4209.9 MB/s   (min 47.98, max 47.98, spread 0.0%)
real_packet        write       6.35 M msg/s     1234.8 MB/s   (min 6.35, max 6.35, spread 0.0%)
real_packet        read        7.91 M msg/s     1539.2 MB/s   (min 7.91, max 7.91, spread 0.0%)
message_batch      write      91.27 M msg/s     2176.0 MB/s   (min 91.27, max 91.27, spread 0.0%)
message_batch      read       61.97 M msg/s     1477.6 MB/s   (min 61.97, max 61.97, spread 0.0%)
bench_packet       write      68.12 M msg/s     3183.2 MB/s   (min 68.12, max 68.12, spread 0.0%)
bench_packet       read      104.10 M msg/s     4864.4 MB/s   (min 104.10, max 104.10, spread 0.0%)
bench_ints         write      94.87 M msg/s     1266.6 MB/s   (min 94.87, max 94.87, spread 0.0%)
bench_ints         read      142.25 M msg/s     1899.2 MB/s   (min 142.25, max 142.25, spread 0.0%)
bench_bits         write     290.84 M msg/s     5547.3 MB/s   (min 290.84, max 290.84, spread 0.0%)
bench_bits         read      358.42 M msg/s     6836.3 MB/s   (min 358.42, max 358.42, spread 0.0%)
bench_mixed        write      86.01 M msg/s     1722.5 MB/s   (min 86.01, max 86.01, spread 0.0%)
bench_mixed        read      131.88 M msg/s     2641.1 MB/s   (min 131.88, max 131.88, spread 0.0%)
bitpacker          write       0.06 M msg/s     3974.4 MB/s   (min 0.06, max 0.06, spread 0.0%)
bitpacker          read        0.06 M msg/s     3762.1 MB/s   (min 0.06, max 0.06, spread 0.0%)
OK (corpus_id 7a7c343f1a446f4c)
results: build/bench/pass-20260817-101322/round-2-c.csv
=== leg round-2-c OK 2026-08-17T10:20:00Z
--- pscheck [before-round-2-cpp-b] 2026-08-17T10:20:00Z load=1.01 1.54 2.25
  clean: none of ours running
=== leg round-2-cpp-b START 2026-08-17T10:20:00Z (bench/run.sh --only cpp --compiler g++ --bare --round 2 --reuse-build --out build/bench/pass-20260817-101322/round-2-cpp-b.csv)
== cpp: reusing build/bench/schema_bench_cpp ==
== cpp: run (Release) ==
schema bench (cpp, Release)
rigidbody_moving   write     132.12 M msg/s    13229.8 MB/s   (min 132.12, max 132.12, spread 0.0%)
rigidbody_moving   read      179.87 M msg/s    18011.1 MB/s   (min 179.87, max 179.87, spread 0.0%)
rigidbody_at_rest  write     264.27 M msg/s    14365.6 MB/s   (min 264.27, max 264.27, spread 0.0%)
rigidbody_at_rest  read       97.34 M msg/s     5291.2 MB/s   (min 97.34, max 97.34, spread 0.0%)
chat               write      67.71 M msg/s      839.5 MB/s   (min 67.71, max 67.71, spread 0.0%)
chat               read       99.96 M msg/s     1239.3 MB/s   (min 99.96, max 99.96, spread 0.0%)
test               write     246.65 M msg/s     1411.4 MB/s   (min 246.65, max 246.65, spread 0.0%)
test               read      736.44 M msg/s     4213.9 MB/s   (min 736.44, max 736.44, spread 0.0%)
inputpacket        write      59.67 M msg/s     3471.4 MB/s   (min 59.67, max 59.67, spread 0.0%)
inputpacket        read       40.20 M msg/s     2338.4 MB/s   (min 40.20, max 40.20, spread 0.0%)
shipcreate         write     122.80 M msg/s     3279.0 MB/s   (min 122.80, max 122.80, spread 0.0%)
shipcreate         read      145.67 M msg/s     3889.7 MB/s   (min 145.67, max 145.67, spread 0.0%)
ship_shallow       write     145.02 M msg/s     3872.6 MB/s   (min 145.02, max 145.02, spread 0.0%)
ship_shallow       read      156.01 M msg/s     4165.9 MB/s   (min 156.01, max 156.01, spread 0.0%)
probe_header       write     336.35 M msg/s     3207.6 MB/s   (min 336.35, max 336.35, spread 0.0%)
probe_header       read      900.12 M msg/s     8584.3 MB/s   (min 900.12, max 900.12, spread 0.0%)
probebits          write     203.60 M msg/s     5048.3 MB/s   (min 203.60, max 203.60, spread 0.0%)
probebits          read      440.54 M msg/s    10923.5 MB/s   (min 440.54, max 440.54, spread 0.0%)
probearray         write      25.18 M msg/s     1128.5 MB/s   (min 25.18, max 25.18, spread 0.0%)
probearray         read       30.96 M msg/s     1387.6 MB/s   (min 30.96, max 30.96, spread 0.0%)
testdata           write      22.02 M msg/s     1931.8 MB/s   (min 22.02, max 22.02, spread 0.0%)
testdata           read       29.95 M msg/s     2627.9 MB/s   (min 29.95, max 29.95, spread 0.0%)
real_packet        write       6.85 M msg/s     1333.0 MB/s   (min 6.85, max 6.85, spread 0.0%)
real_packet        read        9.42 M msg/s     1832.8 MB/s   (min 9.42, max 9.42, spread 0.0%)
message_batch      write     104.82 M msg/s     2499.0 MB/s   (min 104.82, max 104.82, spread 0.0%)
message_batch      read       63.13 M msg/s     1505.2 MB/s   (min 63.13, max 63.13, spread 0.0%)
bench_packet       write     123.33 M msg/s     5763.1 MB/s   (min 123.33, max 123.33, spread 0.0%)
bench_packet       read      230.86 M msg/s    10788.3 MB/s   (min 230.86, max 230.86, spread 0.0%)
bench_ints         write     212.98 M msg/s     2843.6 MB/s   (min 212.98, max 212.98, spread 0.0%)
bench_ints         read      258.15 M msg/s     3446.7 MB/s   (min 258.15, max 258.15, spread 0.0%)
bench_bits         write     277.87 M msg/s     5300.0 MB/s   (min 277.87, max 277.87, spread 0.0%)
bench_bits         read      352.38 M msg/s     6721.1 MB/s   (min 352.38, max 352.38, spread 0.0%)
bench_mixed        write     208.73 M msg/s     4180.2 MB/s   (min 208.73, max 208.73, spread 0.0%)
bench_mixed        read      254.68 M msg/s     5100.5 MB/s   (min 254.68, max 254.68, spread 0.0%)
bitpacker          write       0.07 M msg/s     4070.4 MB/s   (min 0.07, max 0.07, spread 0.0%)
bitpacker          read        0.06 M msg/s     3709.6 MB/s   (min 0.06, max 0.06, spread 0.0%)
OK (corpus_id 7a7c343f1a446f4c)
results: build/bench/pass-20260817-101322/round-2-cpp-b.csv
=== leg round-2-cpp-b OK 2026-08-17T10:20:27Z
--- pscheck [before-round-2-c-b] 2026-08-17T10:20:27Z load=1.00 1.49 2.21
  clean: none of ours running
=== leg round-2-c-b START 2026-08-17T10:20:27Z (bench/run.sh --only c --compiler g++ --bare --round 2 --reuse-build --out build/bench/pass-20260817-101322/round-2-c-b.csv)
== c: reusing build/bench/schema_bench_c ==
== c: run (Release) ==
schema bench (c, Release)
rigidbody_moving   write     127.58 M msg/s    12775.1 MB/s   (min 127.58, max 127.58, spread 0.0%)
rigidbody_moving   read      195.29 M msg/s    19556.0 MB/s   (min 195.29, max 195.29, spread 0.0%)
rigidbody_at_rest  write     208.27 M msg/s    11321.3 MB/s   (min 208.27, max 208.27, spread 0.0%)
rigidbody_at_rest  read       97.33 M msg/s     5290.6 MB/s   (min 97.33, max 97.33, spread 0.0%)
chat               write      65.98 M msg/s      818.0 MB/s   (min 65.98, max 65.98, spread 0.0%)
chat               read       96.07 M msg/s     1191.1 MB/s   (min 96.07, max 96.07, spread 0.0%)
test               write     403.86 M msg/s     2310.9 MB/s   (min 403.86, max 403.86, spread 0.0%)
test               read      740.06 M msg/s     4234.7 MB/s   (min 740.06, max 740.06, spread 0.0%)
inputpacket        write      55.22 M msg/s     3212.3 MB/s   (min 55.22, max 55.22, spread 0.0%)
inputpacket        read       22.75 M msg/s     1323.2 MB/s   (min 22.75, max 22.75, spread 0.0%)
shipcreate         write      84.07 M msg/s     2244.8 MB/s   (min 84.07, max 84.07, spread 0.0%)
shipcreate         read      135.25 M msg/s     3611.6 MB/s   (min 135.25, max 135.25, spread 0.0%)
ship_shallow       write      98.35 M msg/s     2626.2 MB/s   (min 98.35, max 98.35, spread 0.0%)
ship_shallow       read      156.44 M msg/s     4177.4 MB/s   (min 156.44, max 156.44, spread 0.0%)
probe_header       write     386.89 M msg/s     3689.7 MB/s   (min 386.89, max 386.89, spread 0.0%)
probe_header       read      893.40 M msg/s     8520.1 MB/s   (min 893.40, max 893.40, spread 0.0%)
probebits          write     246.65 M msg/s     6115.8 MB/s   (min 246.65, max 246.65, spread 0.0%)
probebits          read      429.06 M msg/s    10638.7 MB/s   (min 429.06, max 429.06, spread 0.0%)
probearray         write      49.33 M msg/s     2210.9 MB/s   (min 49.33, max 49.33, spread 0.0%)
probearray         read       74.51 M msg/s     3339.6 MB/s   (min 74.51, max 74.51, spread 0.0%)
testdata           write      20.96 M msg/s     1839.0 MB/s   (min 20.96, max 20.96, spread 0.0%)
testdata           read       47.61 M msg/s     4177.6 MB/s   (min 47.61, max 47.61, spread 0.0%)
real_packet        write       6.28 M msg/s     1221.8 MB/s   (min 6.28, max 6.28, spread 0.0%)
real_packet        read        7.91 M msg/s     1538.9 MB/s   (min 7.91, max 7.91, spread 0.0%)
message_batch      write      90.43 M msg/s     2155.9 MB/s   (min 90.43, max 90.43, spread 0.0%)
message_batch      read       60.82 M msg/s     1450.0 MB/s   (min 60.82, max 60.82, spread 0.0%)
bench_packet       write      68.51 M msg/s     3201.7 MB/s   (min 68.51, max 68.51, spread 0.0%)
bench_packet       read      104.08 M msg/s     4863.7 MB/s   (min 104.08, max 104.08, spread 0.0%)
bench_ints         write      99.44 M msg/s     1327.7 MB/s   (min 99.44, max 99.44, spread 0.0%)
bench_ints         read      142.20 M msg/s     1898.5 MB/s   (min 142.20, max 142.20, spread 0.0%)
bench_bits         write     292.57 M msg/s     5580.4 MB/s   (min 292.57, max 292.57, spread 0.0%)
bench_bits         read      357.51 M msg/s     6818.9 MB/s   (min 357.51, max 357.51, spread 0.0%)
bench_mixed        write      85.07 M msg/s     1703.7 MB/s   (min 85.07, max 85.07, spread 0.0%)
bench_mixed        read      132.06 M msg/s     2644.8 MB/s   (min 132.06, max 132.06, spread 0.0%)
bitpacker          write       0.06 M msg/s     3986.4 MB/s   (min 0.06, max 0.06, spread 0.0%)
bitpacker          read        0.06 M msg/s     3762.2 MB/s   (min 0.06, max 0.06, spread 0.0%)
OK (corpus_id 7a7c343f1a446f4c)
results: build/bench/pass-20260817-101322/round-2-c-b.csv
=== leg round-2-c-b OK 2026-08-17T10:20:56Z
boundary: load1=1.00 foreign=1
--- pscheck [before-round-3-cpp-b] 2026-08-17T10:20:56Z load=1.00 1.45 2.17
  clean: none of ours running
=== leg round-3-cpp-b START 2026-08-17T10:20:56Z (bench/run.sh --only cpp --compiler g++ --bare --round 3 --reuse-build --out build/bench/pass-20260817-101322/round-3-cpp-b.csv)
== cpp: reusing build/bench/schema_bench_cpp ==
== cpp: run (Release) ==
schema bench (cpp, Release)
rigidbody_moving   write     132.13 M msg/s    13230.7 MB/s   (min 132.13, max 132.13, spread 0.0%)
rigidbody_moving   read      180.12 M msg/s    18036.3 MB/s   (min 180.12, max 180.12, spread 0.0%)
rigidbody_at_rest  write     264.27 M msg/s    14365.4 MB/s   (min 264.27, max 264.27, spread 0.0%)
rigidbody_at_rest  read       97.34 M msg/s     5291.2 MB/s   (min 97.34, max 97.34, spread 0.0%)
chat               write      69.78 M msg/s      865.2 MB/s   (min 69.78, max 69.78, spread 0.0%)
chat               read       99.96 M msg/s     1239.3 MB/s   (min 99.96, max 99.96, spread 0.0%)
test               write     246.65 M msg/s     1411.4 MB/s   (min 246.65, max 246.65, spread 0.0%)
test               read      737.13 M msg/s     4217.9 MB/s   (min 737.13, max 737.13, spread 0.0%)
inputpacket        write      59.67 M msg/s     3471.3 MB/s   (min 59.67, max 59.67, spread 0.0%)
inputpacket        read       40.20 M msg/s     2338.3 MB/s   (min 40.20, max 40.20, spread 0.0%)
shipcreate         write     122.89 M msg/s     3281.4 MB/s   (min 122.89, max 122.89, spread 0.0%)
shipcreate         read      142.22 M msg/s     3797.6 MB/s   (min 142.22, max 142.22, spread 0.0%)
ship_shallow       write     144.99 M msg/s     3871.7 MB/s   (min 144.99, max 144.99, spread 0.0%)
ship_shallow       read      156.02 M msg/s     4166.2 MB/s   (min 156.02, max 156.02, spread 0.0%)
probe_header       write     336.35 M msg/s     3207.6 MB/s   (min 336.35, max 336.35, spread 0.0%)
probe_header       read      898.99 M msg/s     8573.4 MB/s   (min 898.99, max 898.99, spread 0.0%)
probebits          write     199.12 M msg/s     4937.2 MB/s   (min 199.12, max 199.12, spread 0.0%)
probebits          read      440.81 M msg/s    10930.2 MB/s   (min 440.81, max 440.81, spread 0.0%)
probearray         write      25.25 M msg/s     1131.9 MB/s   (min 25.25, max 25.25, spread 0.0%)
probearray         read       30.95 M msg/s     1387.2 MB/s   (min 30.95, max 30.95, spread 0.0%)
testdata           write      21.99 M msg/s     1929.5 MB/s   (min 21.99, max 21.99, spread 0.0%)
testdata           read       30.23 M msg/s     2652.0 MB/s   (min 30.23, max 30.23, spread 0.0%)
real_packet        write       6.93 M msg/s     1347.4 MB/s   (min 6.93, max 6.93, spread 0.0%)
real_packet        read        9.44 M msg/s     1836.2 MB/s   (min 9.44, max 9.44, spread 0.0%)
message_batch      write     105.69 M msg/s     2519.9 MB/s   (min 105.69, max 105.69, spread 0.0%)
message_batch      read       63.29 M msg/s     1508.9 MB/s   (min 63.29, max 63.29, spread 0.0%)
bench_packet       write     123.33 M msg/s     5763.0 MB/s   (min 123.33, max 123.33, spread 0.0%)
bench_packet       read      231.38 M msg/s    10812.5 MB/s   (min 231.38, max 231.38, spread 0.0%)
bench_ints         write     212.66 M msg/s     2839.3 MB/s   (min 212.66, max 212.66, spread 0.0%)
bench_ints         read      258.62 M msg/s     3453.0 MB/s   (min 258.62, max 258.62, spread 0.0%)
bench_bits         write     277.50 M msg/s     5293.0 MB/s   (min 277.50, max 277.50, spread 0.0%)
bench_bits         read      356.45 M msg/s     6798.8 MB/s   (min 356.45, max 356.45, spread 0.0%)
bench_mixed        write     207.40 M msg/s     4153.6 MB/s   (min 207.40, max 207.40, spread 0.0%)
bench_mixed        read      255.72 M msg/s     5121.4 MB/s   (min 255.72, max 255.72, spread 0.0%)
bitpacker          write       0.07 M msg/s     4070.5 MB/s   (min 0.07, max 0.07, spread 0.0%)
bitpacker          read        0.06 M msg/s     3708.6 MB/s   (min 0.06, max 0.06, spread 0.0%)
OK (corpus_id 7a7c343f1a446f4c)
results: build/bench/pass-20260817-101322/round-3-cpp-b.csv
=== leg round-3-cpp-b OK 2026-08-17T10:21:23Z
--- pscheck [before-round-3-c-b] 2026-08-17T10:21:23Z load=1.00 1.40 2.13
  clean: none of ours running
=== leg round-3-c-b START 2026-08-17T10:21:23Z (bench/run.sh --only c --compiler g++ --bare --round 3 --reuse-build --out build/bench/pass-20260817-101322/round-3-c-b.csv)
== c: reusing build/bench/schema_bench_c ==
== c: run (Release) ==
schema bench (c, Release)
rigidbody_moving   write     127.58 M msg/s    12775.0 MB/s   (min 127.58, max 127.58, spread 0.0%)
rigidbody_moving   read      196.49 M msg/s    19675.6 MB/s   (min 196.49, max 196.49, spread 0.0%)
rigidbody_at_rest  write     206.81 M msg/s    11242.0 MB/s   (min 206.81, max 206.81, spread 0.0%)
rigidbody_at_rest  read       97.33 M msg/s     5290.6 MB/s   (min 97.33, max 97.33, spread 0.0%)
chat               write      65.91 M msg/s      817.2 MB/s   (min 65.91, max 65.91, spread 0.0%)
chat               read       99.96 M msg/s     1239.3 MB/s   (min 99.96, max 99.96, spread 0.0%)
test               write     403.81 M msg/s     2310.6 MB/s   (min 403.81, max 403.81, spread 0.0%)
test               read      733.64 M msg/s     4197.9 MB/s   (min 733.64, max 733.64, spread 0.0%)
inputpacket        write      55.22 M msg/s     3212.3 MB/s   (min 55.22, max 55.22, spread 0.0%)
inputpacket        read       22.76 M msg/s     1323.9 MB/s   (min 22.76, max 22.76, spread 0.0%)
shipcreate         write      78.71 M msg/s     2101.7 MB/s   (min 78.71, max 78.71, spread 0.0%)
shipcreate         read      138.85 M msg/s     3707.6 MB/s   (min 138.85, max 138.85, spread 0.0%)
ship_shallow       write      90.23 M msg/s     2409.4 MB/s   (min 90.23, max 90.23, spread 0.0%)
ship_shallow       read      156.42 M msg/s     4176.9 MB/s   (min 156.42, max 156.42, spread 0.0%)
probe_header       write     369.98 M msg/s     3528.4 MB/s   (min 369.98, max 369.98, spread 0.0%)
probe_header       read      881.49 M msg/s     8406.6 MB/s   (min 881.49, max 881.49, spread 0.0%)
probebits          write     246.65 M msg/s     6115.9 MB/s   (min 246.65, max 246.65, spread 0.0%)
probebits          read      430.55 M msg/s    10675.7 MB/s   (min 430.55, max 430.55, spread 0.0%)
probearray         write      49.33 M msg/s     2211.0 MB/s   (min 49.33, max 49.33, spread 0.0%)
probearray         read       78.66 M msg/s     3526.0 MB/s   (min 78.66, max 78.66, spread 0.0%)
testdata           write      20.97 M msg/s     1840.0 MB/s   (min 20.97, max 20.97, spread 0.0%)
testdata           read       48.38 M msg/s     4244.8 MB/s   (min 48.38, max 48.38, spread 0.0%)
real_packet        write       6.30 M msg/s     1225.4 MB/s   (min 6.30, max 6.30, spread 0.0%)
real_packet        read        7.91 M msg/s     1539.4 MB/s   (min 7.91, max 7.91, spread 0.0%)
message_batch      write      91.67 M msg/s     2185.6 MB/s   (min 91.67, max 91.67, spread 0.0%)
message_batch      read       62.52 M msg/s     1490.7 MB/s   (min 62.52, max 62.52, spread 0.0%)
bench_packet       write      68.51 M msg/s     3201.7 MB/s   (min 68.51, max 68.51, spread 0.0%)
bench_packet       read      104.15 M msg/s     4866.7 MB/s   (min 104.15, max 104.15, spread 0.0%)
bench_ints         write      94.87 M msg/s     1266.6 MB/s   (min 94.87, max 94.87, spread 0.0%)
bench_ints         read      142.25 M msg/s     1899.2 MB/s   (min 142.25, max 142.25, spread 0.0%)
bench_bits         write     292.78 M msg/s     5584.4 MB/s   (min 292.78, max 292.78, spread 0.0%)
bench_bits         read      355.19 M msg/s     6774.7 MB/s   (min 355.19, max 355.19, spread 0.0%)
bench_mixed        write      86.01 M msg/s     1722.5 MB/s   (min 86.01, max 86.01, spread 0.0%)
bench_mixed        read      132.09 M msg/s     2645.4 MB/s   (min 132.09, max 132.09, spread 0.0%)
bitpacker          write       0.06 M msg/s     3985.5 MB/s   (min 0.06, max 0.06, spread 0.0%)
bitpacker          read        0.06 M msg/s     3755.3 MB/s   (min 0.06, max 0.06, spread 0.0%)
OK (corpus_id 7a7c343f1a446f4c)
results: build/bench/pass-20260817-101322/round-3-c-b.csv
=== leg round-3-c-b OK 2026-08-17T10:21:52Z
--- pscheck [before-round-3-cpp] 2026-08-17T10:21:52Z load=1.00 1.36 2.10
  clean: none of ours running
=== leg round-3-cpp START 2026-08-17T10:21:52Z (bench/run.sh --only cpp --compiler g++ --bare --round 3 --reuse-build --out build/bench/pass-20260817-101322/round-3-cpp.csv)
== cpp: reusing build/bench/schema_bench_cpp ==
== cpp: run (Release) ==
schema bench (cpp, Release)
rigidbody_moving   write     132.13 M msg/s    13230.9 MB/s   (min 132.13, max 132.13, spread 0.0%)
rigidbody_moving   read      179.60 M msg/s    17984.7 MB/s   (min 179.60, max 179.60, spread 0.0%)
rigidbody_at_rest  write     264.27 M msg/s    14365.3 MB/s   (min 264.27, max 264.27, spread 0.0%)
rigidbody_at_rest  read       97.34 M msg/s     5291.2 MB/s   (min 97.34, max 97.34, spread 0.0%)
chat               write      69.79 M msg/s      865.2 MB/s   (min 69.79, max 69.79, spread 0.0%)
chat               read       99.96 M msg/s     1239.3 MB/s   (min 99.96, max 99.96, spread 0.0%)
test               write     246.68 M msg/s     1411.5 MB/s   (min 246.68, max 246.68, spread 0.0%)
test               read      735.47 M msg/s     4208.4 MB/s   (min 735.47, max 735.47, spread 0.0%)
inputpacket        write      59.67 M msg/s     3471.4 MB/s   (min 59.67, max 59.67, spread 0.0%)
inputpacket        read       40.20 M msg/s     2338.4 MB/s   (min 40.20, max 40.20, spread 0.0%)
shipcreate         write     122.82 M msg/s     3279.7 MB/s   (min 122.82, max 122.82, spread 0.0%)
shipcreate         read      145.35 M msg/s     3881.2 MB/s   (min 145.35, max 145.35, spread 0.0%)
ship_shallow       write     145.02 M msg/s     3872.6 MB/s   (min 145.02, max 145.02, spread 0.0%)
ship_shallow       read      156.02 M msg/s     4166.1 MB/s   (min 156.02, max 156.02, spread 0.0%)
probe_header       write     336.35 M msg/s     3207.6 MB/s   (min 336.35, max 336.35, spread 0.0%)
probe_header       read      897.85 M msg/s     8562.6 MB/s   (min 897.85, max 897.85, spread 0.0%)
probebits          write     223.17 M msg/s     5533.7 MB/s   (min 223.17, max 223.17, spread 0.0%)
probebits          read      440.81 M msg/s    10930.2 MB/s   (min 440.81, max 440.81, spread 0.0%)
probearray         write      25.32 M msg/s     1134.7 MB/s   (min 25.32, max 25.32, spread 0.0%)
probearray         read       30.86 M msg/s     1383.2 MB/s   (min 30.86, max 30.86, spread 0.0%)
testdata           write      22.02 M msg/s     1931.9 MB/s   (min 22.02, max 22.02, spread 0.0%)
testdata           read       30.26 M msg/s     2654.8 MB/s   (min 30.26, max 30.26, spread 0.0%)
real_packet        write       6.89 M msg/s     1340.8 MB/s   (min 6.89, max 6.89, spread 0.0%)
real_packet        read        9.42 M msg/s     1832.9 MB/s   (min 9.42, max 9.42, spread 0.0%)
message_batch      write     105.04 M msg/s     2504.3 MB/s   (min 105.04, max 105.04, spread 0.0%)
message_batch      read       62.21 M msg/s     1483.3 MB/s   (min 62.21, max 62.21, spread 0.0%)
bench_packet       write     123.33 M msg/s     5763.1 MB/s   (min 123.33, max 123.33, spread 0.0%)
bench_packet       read      220.04 M msg/s    10282.6 MB/s   (min 220.04, max 220.04, spread 0.0%)
bench_ints         write     213.45 M msg/s     2849.9 MB/s   (min 213.45, max 213.45, spread 0.0%)
bench_ints         read      258.70 M msg/s     3454.0 MB/s   (min 258.70, max 258.70, spread 0.0%)
bench_bits         write     276.08 M msg/s     5265.7 MB/s   (min 276.08, max 276.08, spread 0.0%)
bench_bits         read      351.84 M msg/s     6710.8 MB/s   (min 351.84, max 351.84, spread 0.0%)
bench_mixed        write     211.00 M msg/s     4225.8 MB/s   (min 211.00, max 211.00, spread 0.0%)
bench_mixed        read      255.71 M msg/s     5121.1 MB/s   (min 255.71, max 255.71, spread 0.0%)
bitpacker          write       0.07 M msg/s     4070.9 MB/s   (min 0.07, max 0.07, spread 0.0%)
bitpacker          read        0.06 M msg/s     3709.4 MB/s   (min 0.06, max 0.06, spread 0.0%)
OK (corpus_id 7a7c343f1a446f4c)
results: build/bench/pass-20260817-101322/round-3-cpp.csv
=== leg round-3-cpp OK 2026-08-17T10:22:19Z
--- pscheck [before-round-3-c] 2026-08-17T10:22:19Z load=1.00 1.33 2.07
  clean: none of ours running
=== leg round-3-c START 2026-08-17T10:22:19Z (bench/run.sh --only c --compiler g++ --bare --round 3 --reuse-build --out build/bench/pass-20260817-101322/round-3-c.csv)
== c: reusing build/bench/schema_bench_c ==
== c: run (Release) ==
schema bench (c, Release)
rigidbody_moving   write     127.58 M msg/s    12775.1 MB/s   (min 127.58, max 127.58, spread 0.0%)
rigidbody_moving   read      197.48 M msg/s    19774.8 MB/s   (min 197.48, max 197.48, spread 0.0%)
rigidbody_at_rest  write     208.36 M msg/s    11326.6 MB/s   (min 208.36, max 208.36, spread 0.0%)
rigidbody_at_rest  read       97.33 M msg/s     5290.6 MB/s   (min 97.33, max 97.33, spread 0.0%)
chat               write      65.98 M msg/s      818.0 MB/s   (min 65.98, max 65.98, spread 0.0%)
chat               read       96.13 M msg/s     1191.9 MB/s   (min 96.13, max 96.13, spread 0.0%)
test               write     403.71 M msg/s     2310.0 MB/s   (min 403.71, max 403.71, spread 0.0%)
test               read      740.15 M msg/s     4235.2 MB/s   (min 740.15, max 740.15, spread 0.0%)
inputpacket        write      55.22 M msg/s     3212.3 MB/s   (min 55.22, max 55.22, spread 0.0%)
inputpacket        read       22.91 M msg/s     1332.7 MB/s   (min 22.91, max 22.91, spread 0.0%)
shipcreate         write      81.54 M msg/s     2177.5 MB/s   (min 81.54, max 81.54, spread 0.0%)
shipcreate         read      135.29 M msg/s     3612.7 MB/s   (min 135.29, max 135.29, spread 0.0%)
ship_shallow       write      98.19 M msg/s     2621.9 MB/s   (min 98.19, max 98.19, spread 0.0%)
ship_shallow       read      156.48 M msg/s     4178.4 MB/s   (min 156.48, max 156.48, spread 0.0%)
probe_header       write     387.25 M msg/s     3693.1 MB/s   (min 387.25, max 387.25, spread 0.0%)
probe_header       read      895.21 M msg/s     8537.4 MB/s   (min 895.21, max 895.21, spread 0.0%)
probebits          write     246.42 M msg/s     6110.2 MB/s   (min 246.42, max 246.42, spread 0.0%)
probebits          read      427.92 M msg/s    10610.6 MB/s   (min 427.92, max 427.92, spread 0.0%)
probearray         write      49.33 M msg/s     2210.9 MB/s   (min 49.33, max 49.33, spread 0.0%)
probearray         read       78.68 M msg/s     3526.4 MB/s   (min 78.68, max 78.68, spread 0.0%)
testdata           write      20.94 M msg/s     1837.3 MB/s   (min 20.94, max 20.94, spread 0.0%)
testdata           read       47.25 M msg/s     4145.9 MB/s   (min 47.25, max 47.25, spread 0.0%)
real_packet        write       6.27 M msg/s     1219.4 MB/s   (min 6.27, max 6.27, spread 0.0%)
real_packet        read        7.91 M msg/s     1539.2 MB/s   (min 7.91, max 7.91, spread 0.0%)
message_batch      write      90.56 M msg/s     2159.2 MB/s   (min 90.56, max 90.56, spread 0.0%)
message_batch      read       61.00 M msg/s     1454.4 MB/s   (min 61.00, max 61.00, spread 0.0%)
bench_packet       write      68.51 M msg/s     3201.7 MB/s   (min 68.51, max 68.51, spread 0.0%)
bench_packet       read      104.10 M msg/s     4864.4 MB/s   (min 104.10, max 104.10, spread 0.0%)
bench_ints         write      99.46 M msg/s     1328.0 MB/s   (min 99.46, max 99.46, spread 0.0%)
bench_ints         read      142.23 M msg/s     1899.0 MB/s   (min 142.23, max 142.23, spread 0.0%)
bench_bits         write     288.48 M msg/s     5502.3 MB/s   (min 288.48, max 288.48, spread 0.0%)
bench_bits         read      356.57 M msg/s     6801.1 MB/s   (min 356.57, max 356.57, spread 0.0%)
bench_mixed        write      86.04 M msg/s     1723.2 MB/s   (min 86.04, max 86.04, spread 0.0%)
bench_mixed        read      132.08 M msg/s     2645.2 MB/s   (min 132.08, max 132.08, spread 0.0%)
bitpacker          write       0.06 M msg/s     3987.3 MB/s   (min 0.06, max 0.06, spread 0.0%)
bitpacker          read        0.06 M msg/s     3762.5 MB/s   (min 0.06, max 0.06, spread 0.0%)
OK (corpus_id 7a7c343f1a446f4c)
results: build/bench/pass-20260817-101322/round-3-c.csv
=== leg round-3-c OK 2026-08-17T10:22:48Z
boundary: load1=1.00 foreign=0
--- pscheck [before-round-4-cpp] 2026-08-17T10:22:48Z load=1.00 1.30 2.03
  clean: none of ours running
=== leg round-4-cpp START 2026-08-17T10:22:48Z (bench/run.sh --only cpp --compiler g++ --bare --round 4 --reuse-build --out build/bench/pass-20260817-101322/round-4-cpp.csv)
== cpp: reusing build/bench/schema_bench_cpp ==
== cpp: run (Release) ==
schema bench (cpp, Release)
rigidbody_moving   write     132.13 M msg/s    13230.9 MB/s   (min 132.13, max 132.13, spread 0.0%)
rigidbody_moving   read      177.52 M msg/s    17775.9 MB/s   (min 177.52, max 177.52, spread 0.0%)
rigidbody_at_rest  write     264.27 M msg/s    14365.8 MB/s   (min 264.27, max 264.27, spread 0.0%)
rigidbody_at_rest  read       97.34 M msg/s     5291.2 MB/s   (min 97.34, max 97.34, spread 0.0%)
chat               write      69.79 M msg/s      865.2 MB/s   (min 69.79, max 69.79, spread 0.0%)
chat               read       99.96 M msg/s     1239.3 MB/s   (min 99.96, max 99.96, spread 0.0%)
test               write     246.65 M msg/s     1411.4 MB/s   (min 246.65, max 246.65, spread 0.0%)
test               read      734.52 M msg/s     4203.0 MB/s   (min 734.52, max 734.52, spread 0.0%)
inputpacket        write      59.67 M msg/s     3471.4 MB/s   (min 59.67, max 59.67, spread 0.0%)
inputpacket        read       40.20 M msg/s     2338.4 MB/s   (min 40.20, max 40.20, spread 0.0%)
shipcreate         write     122.92 M msg/s     3282.3 MB/s   (min 122.92, max 122.92, spread 0.0%)
shipcreate         read      142.42 M msg/s     3803.1 MB/s   (min 142.42, max 142.42, spread 0.0%)
ship_shallow       write     145.03 M msg/s     3872.6 MB/s   (min 145.03, max 145.03, spread 0.0%)
ship_shallow       read      155.99 M msg/s     4165.5 MB/s   (min 155.99, max 155.99, spread 0.0%)
probe_header       write     336.34 M msg/s     3207.6 MB/s   (min 336.34, max 336.34, spread 0.0%)
probe_header       read      900.86 M msg/s     8591.2 MB/s   (min 900.86, max 900.86, spread 0.0%)
probebits          write     201.63 M msg/s     4999.6 MB/s   (min 201.63, max 201.63, spread 0.0%)
probebits          read      440.56 M msg/s    10923.8 MB/s   (min 440.56, max 440.56, spread 0.0%)
probearray         write      24.79 M msg/s     1111.4 MB/s   (min 24.79, max 24.79, spread 0.0%)
probearray         read       31.10 M msg/s     1393.9 MB/s   (min 31.10, max 31.10, spread 0.0%)
testdata           write      22.02 M msg/s     1931.8 MB/s   (min 22.02, max 22.02, spread 0.0%)
testdata           read       30.23 M msg/s     2652.0 MB/s   (min 30.23, max 30.23, spread 0.0%)
real_packet        write       6.93 M msg/s     1348.0 MB/s   (min 6.93, max 6.93, spread 0.0%)
real_packet        read        9.44 M msg/s     1835.9 MB/s   (min 9.44, max 9.44, spread 0.0%)
message_batch      write     105.57 M msg/s     2517.1 MB/s   (min 105.57, max 105.57, spread 0.0%)
message_batch      read       62.84 M msg/s     1498.2 MB/s   (min 62.84, max 62.84, spread 0.0%)
bench_packet       write     123.33 M msg/s     5763.1 MB/s   (min 123.33, max 123.33, spread 0.0%)
bench_packet       read      238.80 M msg/s    11159.1 MB/s   (min 238.80, max 238.80, spread 0.0%)
bench_ints         write     213.02 M msg/s     2844.1 MB/s   (min 213.02, max 213.02, spread 0.0%)
bench_ints         read      258.83 M msg/s     3455.8 MB/s   (min 258.83, max 258.83, spread 0.0%)
bench_bits         write     281.89 M msg/s     5376.7 MB/s   (min 281.89, max 281.89, spread 0.0%)
bench_bits         read      353.19 M msg/s     6736.6 MB/s   (min 353.19, max 353.19, spread 0.0%)
bench_mixed        write     203.55 M msg/s     4076.5 MB/s   (min 203.55, max 203.55, spread 0.0%)
bench_mixed        read      255.37 M msg/s     5114.3 MB/s   (min 255.37, max 255.37, spread 0.0%)
bitpacker          write       0.07 M msg/s     4069.8 MB/s   (min 0.07, max 0.07, spread 0.0%)
bitpacker          read        0.06 M msg/s     3710.4 MB/s   (min 0.06, max 0.06, spread 0.0%)
OK (corpus_id 7a7c343f1a446f4c)
results: build/bench/pass-20260817-101322/round-4-cpp.csv
=== leg round-4-cpp OK 2026-08-17T10:23:15Z
--- pscheck [before-round-4-c] 2026-08-17T10:23:15Z load=1.00 1.27 2.00
  clean: none of ours running
=== leg round-4-c START 2026-08-17T10:23:15Z (bench/run.sh --only c --compiler g++ --bare --round 4 --reuse-build --out build/bench/pass-20260817-101322/round-4-c.csv)
== c: reusing build/bench/schema_bench_c ==
== c: run (Release) ==
schema bench (c, Release)
rigidbody_moving   write     127.58 M msg/s    12775.0 MB/s   (min 127.58, max 127.58, spread 0.0%)
rigidbody_moving   read      196.89 M msg/s    19716.2 MB/s   (min 196.89, max 196.89, spread 0.0%)
rigidbody_at_rest  write     206.80 M msg/s    11241.8 MB/s   (min 206.80, max 206.80, spread 0.0%)
rigidbody_at_rest  read       97.33 M msg/s     5290.6 MB/s   (min 97.33, max 97.33, spread 0.0%)
chat               write      65.96 M msg/s      817.8 MB/s   (min 65.96, max 65.96, spread 0.0%)
chat               read       99.96 M msg/s     1239.3 MB/s   (min 99.96, max 99.96, spread 0.0%)
test               write     403.57 M msg/s     2309.2 MB/s   (min 403.57, max 403.57, spread 0.0%)
test               read      732.13 M msg/s     4189.3 MB/s   (min 732.13, max 732.13, spread 0.0%)
inputpacket        write      55.22 M msg/s     3212.3 MB/s   (min 55.22, max 55.22, spread 0.0%)
inputpacket        read       22.78 M msg/s     1325.4 MB/s   (min 22.78, max 22.78, spread 0.0%)
shipcreate         write      78.70 M msg/s     2101.6 MB/s   (min 78.70, max 78.70, spread 0.0%)
shipcreate         read      134.05 M msg/s     3579.6 MB/s   (min 134.05, max 134.05, spread 0.0%)
ship_shallow       write      90.23 M msg/s     2409.3 MB/s   (min 90.23, max 90.23, spread 0.0%)
ship_shallow       read      156.39 M msg/s     4176.1 MB/s   (min 156.39, max 156.39, spread 0.0%)
probe_header       write     369.98 M msg/s     3528.4 MB/s   (min 369.98, max 369.98, spread 0.0%)
probe_header       read      883.26 M msg/s     8423.4 MB/s   (min 883.26, max 883.26, spread 0.0%)
probebits          write     246.65 M msg/s     6115.9 MB/s   (min 246.65, max 246.65, spread 0.0%)
probebits          read      430.15 M msg/s    10665.8 MB/s   (min 430.15, max 430.15, spread 0.0%)
probearray         write      49.33 M msg/s     2210.9 MB/s   (min 49.33, max 49.33, spread 0.0%)
probearray         read       75.98 M msg/s     3405.5 MB/s   (min 75.98, max 75.98, spread 0.0%)
testdata           write      20.92 M msg/s     1835.6 MB/s   (min 20.92, max 20.92, spread 0.0%)
testdata           read       47.57 M msg/s     4173.5 MB/s   (min 47.57, max 47.57, spread 0.0%)
real_packet        write       6.32 M msg/s     1229.3 MB/s   (min 6.32, max 6.32, spread 0.0%)
real_packet        read        7.88 M msg/s     1533.3 MB/s   (min 7.88, max 7.88, spread 0.0%)
message_batch      write      91.47 M msg/s     2180.8 MB/s   (min 91.47, max 91.47, spread 0.0%)
message_batch      read       61.89 M msg/s     1475.6 MB/s   (min 61.89, max 61.89, spread 0.0%)
bench_packet       write      68.51 M msg/s     3201.7 MB/s   (min 68.51, max 68.51, spread 0.0%)
bench_packet       read      104.15 M msg/s     4867.0 MB/s   (min 104.15, max 104.15, spread 0.0%)
bench_ints         write      94.87 M msg/s     1266.6 MB/s   (min 94.87, max 94.87, spread 0.0%)
bench_ints         read      142.23 M msg/s     1899.0 MB/s   (min 142.23, max 142.23, spread 0.0%)
bench_bits         write     287.74 M msg/s     5488.2 MB/s   (min 287.74, max 287.74, spread 0.0%)
bench_bits         read      357.85 M msg/s     6825.4 MB/s   (min 357.85, max 357.85, spread 0.0%)
bench_mixed        write      86.02 M msg/s     1722.7 MB/s   (min 86.02, max 86.02, spread 0.0%)
bench_mixed        read      132.09 M msg/s     2645.5 MB/s   (min 132.09, max 132.09, spread 0.0%)
bitpacker          write       0.06 M msg/s     3987.3 MB/s   (min 0.06, max 0.06, spread 0.0%)
bitpacker          read        0.06 M msg/s     3762.9 MB/s   (min 0.06, max 0.06, spread 0.0%)
OK (corpus_id 7a7c343f1a446f4c)
results: build/bench/pass-20260817-101322/round-4-c.csv
=== leg round-4-c OK 2026-08-17T10:23:44Z
--- pscheck [before-round-4-cpp-b] 2026-08-17T10:23:44Z load=1.00 1.25 1.97
  clean: none of ours running
=== leg round-4-cpp-b START 2026-08-17T10:23:44Z (bench/run.sh --only cpp --compiler g++ --bare --round 4 --reuse-build --out build/bench/pass-20260817-101322/round-4-cpp-b.csv)
== cpp: reusing build/bench/schema_bench_cpp ==
== cpp: run (Release) ==
schema bench (cpp, Release)
rigidbody_moving   write     132.13 M msg/s    13231.1 MB/s   (min 132.13, max 132.13, spread 0.0%)
rigidbody_moving   read      180.75 M msg/s    18099.1 MB/s   (min 180.75, max 180.75, spread 0.0%)
rigidbody_at_rest  write     308.31 M msg/s    16759.5 MB/s   (min 308.31, max 308.31, spread 0.0%)
rigidbody_at_rest  read       97.34 M msg/s     5291.2 MB/s   (min 97.34, max 97.34, spread 0.0%)
chat               write      69.76 M msg/s      864.9 MB/s   (min 69.76, max 69.76, spread 0.0%)
chat               read       99.96 M msg/s     1239.3 MB/s   (min 99.96, max 99.96, spread 0.0%)
test               write     246.65 M msg/s     1411.3 MB/s   (min 246.65, max 246.65, spread 0.0%)
test               read      733.16 M msg/s     4195.2 MB/s   (min 733.16, max 733.16, spread 0.0%)
inputpacket        write      51.36 M msg/s     2987.7 MB/s   (min 51.36, max 51.36, spread 0.0%)
inputpacket        read       40.20 M msg/s     2338.4 MB/s   (min 40.20, max 40.20, spread 0.0%)
shipcreate         write     122.88 M msg/s     3281.4 MB/s   (min 122.88, max 122.88, spread 0.0%)
shipcreate         read      141.15 M msg/s     3769.2 MB/s   (min 141.15, max 141.15, spread 0.0%)
ship_shallow       write     145.03 M msg/s     3872.6 MB/s   (min 145.03, max 145.03, spread 0.0%)
ship_shallow       read      155.83 M msg/s     4161.1 MB/s   (min 155.83, max 155.83, spread 0.0%)
probe_header       write     336.34 M msg/s     3207.6 MB/s   (min 336.34, max 336.34, spread 0.0%)
probe_header       read      891.93 M msg/s     8506.1 MB/s   (min 891.93, max 891.93, spread 0.0%)
probebits          write     202.02 M msg/s     5009.2 MB/s   (min 202.02, max 202.02, spread 0.0%)
probebits          read      441.36 M msg/s    10943.7 MB/s   (min 441.36, max 441.36, spread 0.0%)
probearray         write      25.33 M msg/s     1135.3 MB/s   (min 25.33, max 25.33, spread 0.0%)
probearray         read       30.94 M msg/s     1386.8 MB/s   (min 30.94, max 30.94, spread 0.0%)
testdata           write      22.63 M msg/s     1985.2 MB/s   (min 22.63, max 22.63, spread 0.0%)
testdata           read       30.46 M msg/s     2672.2 MB/s   (min 30.46, max 30.46, spread 0.0%)
real_packet        write       6.90 M msg/s     1342.1 MB/s   (min 6.90, max 6.90, spread 0.0%)
real_packet        read        9.42 M msg/s     1832.9 MB/s   (min 9.42, max 9.42, spread 0.0%)
message_batch      write     105.50 M msg/s     2515.2 MB/s   (min 105.50, max 105.50, spread 0.0%)
message_batch      read       61.61 M msg/s     1468.8 MB/s   (min 61.61, max 61.61, spread 0.0%)
bench_packet       write     123.33 M msg/s     5763.0 MB/s   (min 123.33, max 123.33, spread 0.0%)
bench_packet       read      231.50 M msg/s    10818.1 MB/s   (min 231.50, max 231.50, spread 0.0%)
bench_ints         write     213.45 M msg/s     2849.9 MB/s   (min 213.45, max 213.45, spread 0.0%)
bench_ints         read      260.09 M msg/s     3472.5 MB/s   (min 260.09, max 260.09, spread 0.0%)
bench_bits         write     275.90 M msg/s     5262.4 MB/s   (min 275.90, max 275.90, spread 0.0%)
bench_bits         read      364.31 M msg/s     6948.6 MB/s   (min 364.31, max 364.31, spread 0.0%)
bench_mixed        write     207.78 M msg/s     4161.2 MB/s   (min 207.78, max 207.78, spread 0.0%)
bench_mixed        read      256.06 M msg/s     5128.2 MB/s   (min 256.06, max 256.06, spread 0.0%)
bitpacker          write       0.07 M msg/s     4070.5 MB/s   (min 0.07, max 0.07, spread 0.0%)
bitpacker          read        0.06 M msg/s     3709.8 MB/s   (min 0.06, max 0.06, spread 0.0%)
OK (corpus_id 7a7c343f1a446f4c)
results: build/bench/pass-20260817-101322/round-4-cpp-b.csv
=== leg round-4-cpp-b OK 2026-08-17T10:24:12Z
--- pscheck [before-round-4-c-b] 2026-08-17T10:24:12Z load=1.00 1.23 1.94
  clean: none of ours running
=== leg round-4-c-b START 2026-08-17T10:24:12Z (bench/run.sh --only c --compiler g++ --bare --round 4 --reuse-build --out build/bench/pass-20260817-101322/round-4-c-b.csv)
== c: reusing build/bench/schema_bench_c ==
== c: run (Release) ==
schema bench (c, Release)
rigidbody_moving   write     127.57 M msg/s    12774.8 MB/s   (min 127.57, max 127.57, spread 0.0%)
rigidbody_moving   read      196.55 M msg/s    19681.9 MB/s   (min 196.55, max 196.55, spread 0.0%)
rigidbody_at_rest  write     206.62 M msg/s    11231.9 MB/s   (min 206.62, max 206.62, spread 0.0%)
rigidbody_at_rest  read       97.33 M msg/s     5290.6 MB/s   (min 97.33, max 97.33, spread 0.0%)
chat               write      65.99 M msg/s      818.1 MB/s   (min 65.99, max 65.99, spread 0.0%)
chat               read       99.96 M msg/s     1239.3 MB/s   (min 99.96, max 99.96, spread 0.0%)
test               write     403.52 M msg/s     2308.9 MB/s   (min 403.52, max 403.52, spread 0.0%)
test               read      726.83 M msg/s     4159.0 MB/s   (min 726.83, max 726.83, spread 0.0%)
inputpacket        write      55.22 M msg/s     3212.3 MB/s   (min 55.22, max 55.22, spread 0.0%)
inputpacket        read       22.91 M msg/s     1333.0 MB/s   (min 22.91, max 22.91, spread 0.0%)
shipcreate         write      78.58 M msg/s     2098.3 MB/s   (min 78.58, max 78.58, spread 0.0%)
shipcreate         read      134.03 M msg/s     3579.0 MB/s   (min 134.03, max 134.03, spread 0.0%)
ship_shallow       write      90.24 M msg/s     2409.6 MB/s   (min 90.24, max 90.24, spread 0.0%)
ship_shallow       read      156.35 M msg/s     4175.1 MB/s   (min 156.35, max 156.35, spread 0.0%)
probe_header       write     368.72 M msg/s     3516.4 MB/s   (min 368.72, max 368.72, spread 0.0%)
probe_header       read      869.65 M msg/s     8293.6 MB/s   (min 869.65, max 869.65, spread 0.0%)
probebits          write     246.65 M msg/s     6115.8 MB/s   (min 246.65, max 246.65, spread 0.0%)
probebits          read      420.76 M msg/s    10433.0 MB/s   (min 420.76, max 420.76, spread 0.0%)
probearray         write      49.33 M msg/s     2210.9 MB/s   (min 49.33, max 49.33, spread 0.0%)
probearray         read       78.67 M msg/s     3526.0 MB/s   (min 78.67, max 78.67, spread 0.0%)
testdata           write      20.94 M msg/s     1837.2 MB/s   (min 20.94, max 20.94, spread 0.0%)
testdata           read       48.43 M msg/s     4248.8 MB/s   (min 48.43, max 48.43, spread 0.0%)
real_packet        write       6.33 M msg/s     1231.2 MB/s   (min 6.33, max 6.33, spread 0.0%)
real_packet        read        7.91 M msg/s     1538.8 MB/s   (min 7.91, max 7.91, spread 0.0%)
message_batch      write      91.83 M msg/s     2189.5 MB/s   (min 91.83, max 91.83, spread 0.0%)
message_batch      read       62.36 M msg/s     1486.7 MB/s   (min 62.36, max 62.36, spread 0.0%)
bench_packet       write      68.48 M msg/s     3200.0 MB/s   (min 68.48, max 68.48, spread 0.0%)
bench_packet       read      104.14 M msg/s     4866.5 MB/s   (min 104.14, max 104.14, spread 0.0%)
bench_ints         write      94.87 M msg/s     1266.6 MB/s   (min 94.87, max 94.87, spread 0.0%)
bench_ints         read      142.25 M msg/s     1899.2 MB/s   (min 142.25, max 142.25, spread 0.0%)
bench_bits         write     294.74 M msg/s     5621.8 MB/s   (min 294.74, max 294.74, spread 0.0%)
bench_bits         read      358.50 M msg/s     6837.8 MB/s   (min 358.50, max 358.50, spread 0.0%)
bench_mixed        write      86.01 M msg/s     1722.6 MB/s   (min 86.01, max 86.01, spread 0.0%)
bench_mixed        read      132.09 M msg/s     2645.5 MB/s   (min 132.09, max 132.09, spread 0.0%)
bitpacker          write       0.06 M msg/s     3987.4 MB/s   (min 0.06, max 0.06, spread 0.0%)
bitpacker          read        0.06 M msg/s     3761.8 MB/s   (min 0.06, max 0.06, spread 0.0%)
OK (corpus_id 7a7c343f1a446f4c)
results: build/bench/pass-20260817-101322/round-4-c-b.csv
=== leg round-4-c-b OK 2026-08-17T10:24:40Z
boundary: load1=1.08 foreign=0
--- pscheck [before-round-5-cpp-b] 2026-08-17T10:24:40Z load=1.08 1.22 1.92
  clean: none of ours running
=== leg round-5-cpp-b START 2026-08-17T10:24:40Z (bench/run.sh --only cpp --compiler g++ --bare --round 5 --reuse-build --out build/bench/pass-20260817-101322/round-5-cpp-b.csv)
== cpp: reusing build/bench/schema_bench_cpp ==
== cpp: run (Release) ==
schema bench (cpp, Release)
rigidbody_moving   write     132.13 M msg/s    13231.0 MB/s   (min 132.13, max 132.13, spread 0.0%)
rigidbody_moving   read      178.93 M msg/s    17917.0 MB/s   (min 178.93, max 178.93, spread 0.0%)
rigidbody_at_rest  write     264.27 M msg/s    14365.5 MB/s   (min 264.27, max 264.27, spread 0.0%)
rigidbody_at_rest  read       97.34 M msg/s     5291.2 MB/s   (min 97.34, max 97.34, spread 0.0%)
chat               write      69.75 M msg/s      864.7 MB/s   (min 69.75, max 69.75, spread 0.0%)
chat               read       99.95 M msg/s     1239.2 MB/s   (min 99.95, max 99.95, spread 0.0%)
test               write     246.65 M msg/s     1411.4 MB/s   (min 246.65, max 246.65, spread 0.0%)
test               read      735.70 M msg/s     4209.7 MB/s   (min 735.70, max 735.70, spread 0.0%)
inputpacket        write      59.67 M msg/s     3471.4 MB/s   (min 59.67, max 59.67, spread 0.0%)
inputpacket        read       40.08 M msg/s     2331.5 MB/s   (min 40.08, max 40.08, spread 0.0%)
shipcreate         write     122.82 M msg/s     3279.8 MB/s   (min 122.82, max 122.82, spread 0.0%)
shipcreate         read      145.52 M msg/s     3885.9 MB/s   (min 145.52, max 145.52, spread 0.0%)
ship_shallow       write     145.02 M msg/s     3872.6 MB/s   (min 145.02, max 145.02, spread 0.0%)
ship_shallow       read      156.03 M msg/s     4166.3 MB/s   (min 156.03, max 156.03, spread 0.0%)
probe_header       write     336.35 M msg/s     3207.6 MB/s   (min 336.35, max 336.35, spread 0.0%)
probe_header       read      902.44 M msg/s     8606.3 MB/s   (min 902.44, max 902.44, spread 0.0%)
probebits          write     197.17 M msg/s     4888.9 MB/s   (min 197.17, max 197.17, spread 0.0%)
probebits          read      440.81 M msg/s    10930.2 MB/s   (min 440.81, max 440.81, spread 0.0%)
probearray         write      25.02 M msg/s     1121.3 MB/s   (min 25.02, max 25.02, spread 0.0%)
probearray         read       30.84 M msg/s     1382.6 MB/s   (min 30.84, max 30.84, spread 0.0%)
testdata           write      22.02 M msg/s     1932.0 MB/s   (min 22.02, max 22.02, spread 0.0%)
testdata           read       30.01 M msg/s     2632.8 MB/s   (min 30.01, max 30.01, spread 0.0%)
real_packet        write       6.89 M msg/s     1340.1 MB/s   (min 6.89, max 6.89, spread 0.0%)
real_packet        read        9.44 M msg/s     1836.1 MB/s   (min 9.44, max 9.44, spread 0.0%)
message_batch      write     104.66 M msg/s     2495.2 MB/s   (min 104.66, max 104.66, spread 0.0%)
message_batch      read       62.62 M msg/s     1493.0 MB/s   (min 62.62, max 62.62, spread 0.0%)
bench_packet       write     123.33 M msg/s     5763.1 MB/s   (min 123.33, max 123.33, spread 0.0%)
bench_packet       read      228.78 M msg/s    10691.1 MB/s   (min 228.78, max 228.78, spread 0.0%)
bench_ints         write     212.79 M msg/s     2841.0 MB/s   (min 212.79, max 212.79, spread 0.0%)
bench_ints         read      258.18 M msg/s     3447.1 MB/s   (min 258.18, max 258.18, spread 0.0%)
bench_bits         write     277.70 M msg/s     5296.7 MB/s   (min 277.70, max 277.70, spread 0.0%)
bench_bits         read      354.00 M msg/s     6752.0 MB/s   (min 354.00, max 354.00, spread 0.0%)
bench_mixed        write     207.55 M msg/s     4156.7 MB/s   (min 207.55, max 207.55, spread 0.0%)
bench_mixed        read      255.72 M msg/s     5121.4 MB/s   (min 255.72, max 255.72, spread 0.0%)
bitpacker          write       0.07 M msg/s     4067.4 MB/s   (min 0.07, max 0.07, spread 0.0%)
bitpacker          read        0.06 M msg/s     3709.9 MB/s   (min 0.06, max 0.06, spread 0.0%)
OK (corpus_id 7a7c343f1a446f4c)
results: build/bench/pass-20260817-101322/round-5-cpp-b.csv
=== leg round-5-cpp-b OK 2026-08-17T10:25:08Z
--- pscheck [before-round-5-c-b] 2026-08-17T10:25:08Z load=1.00 1.18 1.88
  clean: none of ours running
=== leg round-5-c-b START 2026-08-17T10:25:08Z (bench/run.sh --only c --compiler g++ --bare --round 5 --reuse-build --out build/bench/pass-20260817-101322/round-5-c-b.csv)
== c: reusing build/bench/schema_bench_c ==
== c: run (Release) ==
schema bench (c, Release)
rigidbody_moving   write     127.58 M msg/s    12774.9 MB/s   (min 127.58, max 127.58, spread 0.0%)
rigidbody_moving   read      196.06 M msg/s    19633.1 MB/s   (min 196.06, max 196.06, spread 0.0%)
rigidbody_at_rest  write     206.79 M msg/s    11241.2 MB/s   (min 206.79, max 206.79, spread 0.0%)
rigidbody_at_rest  read       97.33 M msg/s     5290.6 MB/s   (min 97.33, max 97.33, spread 0.0%)
chat               write      65.39 M msg/s      810.7 MB/s   (min 65.39, max 65.39, spread 0.0%)
chat               read       99.96 M msg/s     1239.3 MB/s   (min 99.96, max 99.96, spread 0.0%)
test               write     403.54 M msg/s     2309.1 MB/s   (min 403.54, max 403.54, spread 0.0%)
test               read      731.96 M msg/s     4188.3 MB/s   (min 731.96, max 731.96, spread 0.0%)
inputpacket        write      55.22 M msg/s     3212.3 MB/s   (min 55.22, max 55.22, spread 0.0%)
inputpacket        read       22.78 M msg/s     1325.2 MB/s   (min 22.78, max 22.78, spread 0.0%)
shipcreate         write      78.71 M msg/s     2101.7 MB/s   (min 78.71, max 78.71, spread 0.0%)
shipcreate         read      134.01 M msg/s     3578.6 MB/s   (min 134.01, max 134.01, spread 0.0%)
ship_shallow       write      90.24 M msg/s     2409.6 MB/s   (min 90.24, max 90.24, spread 0.0%)
ship_shallow       read      156.34 M msg/s     4174.9 MB/s   (min 156.34, max 156.34, spread 0.0%)
probe_header       write     369.98 M msg/s     3528.4 MB/s   (min 369.98, max 369.98, spread 0.0%)
probe_header       read      876.43 M msg/s     8358.3 MB/s   (min 876.43, max 876.43, spread 0.0%)
probebits          write     246.65 M msg/s     6115.8 MB/s   (min 246.65, max 246.65, spread 0.0%)
probebits          read      429.71 M msg/s    10655.0 MB/s   (min 429.71, max 429.71, spread 0.0%)
probearray         write      49.33 M msg/s     2210.9 MB/s   (min 49.33, max 49.33, spread 0.0%)
probearray         read       78.66 M msg/s     3525.9 MB/s   (min 78.66, max 78.66, spread 0.0%)
testdata           write      20.94 M msg/s     1837.2 MB/s   (min 20.94, max 20.94, spread 0.0%)
testdata           read       48.31 M msg/s     4238.4 MB/s   (min 48.31, max 48.31, spread 0.0%)
real_packet        write       6.31 M msg/s     1226.8 MB/s   (min 6.31, max 6.31, spread 0.0%)
real_packet        read        7.92 M msg/s     1540.4 MB/s   (min 7.92, max 7.92, spread 0.0%)
message_batch      write      90.46 M msg/s     2156.8 MB/s   (min 90.46, max 90.46, spread 0.0%)
message_batch      read       61.51 M msg/s     1466.6 MB/s   (min 61.51, max 61.51, spread 0.0%)
bench_packet       write      68.51 M msg/s     3201.4 MB/s   (min 68.51, max 68.51, spread 0.0%)
bench_packet       read      104.15 M msg/s     4867.0 MB/s   (min 104.15, max 104.15, spread 0.0%)
bench_ints         write      94.86 M msg/s     1266.6 MB/s   (min 94.86, max 94.86, spread 0.0%)
bench_ints         read      142.26 M msg/s     1899.3 MB/s   (min 142.26, max 142.26, spread 0.0%)
bench_bits         write     298.60 M msg/s     5695.3 MB/s   (min 298.60, max 298.60, spread 0.0%)
bench_bits         read      358.59 M msg/s     6839.6 MB/s   (min 358.59, max 358.59, spread 0.0%)
bench_mixed        write      86.01 M msg/s     1722.6 MB/s   (min 86.01, max 86.01, spread 0.0%)
bench_mixed        read      132.09 M msg/s     2645.4 MB/s   (min 132.09, max 132.09, spread 0.0%)
bitpacker          write       0.06 M msg/s     3987.1 MB/s   (min 0.06, max 0.06, spread 0.0%)
bitpacker          read        0.06 M msg/s     3762.3 MB/s   (min 0.06, max 0.06, spread 0.0%)
OK (corpus_id 7a7c343f1a446f4c)
results: build/bench/pass-20260817-101322/round-5-c-b.csv
=== leg round-5-c-b OK 2026-08-17T10:25:37Z
--- pscheck [before-round-5-cpp] 2026-08-17T10:25:37Z load=1.00 1.16 1.85
  clean: none of ours running
=== leg round-5-cpp START 2026-08-17T10:25:37Z (bench/run.sh --only cpp --compiler g++ --bare --round 5 --reuse-build --out build/bench/pass-20260817-101322/round-5-cpp.csv)
== cpp: reusing build/bench/schema_bench_cpp ==
== cpp: run (Release) ==
schema bench (cpp, Release)
rigidbody_moving   write     132.13 M msg/s    13230.8 MB/s   (min 132.13, max 132.13, spread 0.0%)
rigidbody_moving   read      179.95 M msg/s    18019.1 MB/s   (min 179.95, max 179.95, spread 0.0%)
rigidbody_at_rest  write     264.27 M msg/s    14365.4 MB/s   (min 264.27, max 264.27, spread 0.0%)
rigidbody_at_rest  read       97.34 M msg/s     5291.2 MB/s   (min 97.34, max 97.34, spread 0.0%)
chat               write      67.59 M msg/s      838.0 MB/s   (min 67.59, max 67.59, spread 0.0%)
chat               read       99.95 M msg/s     1239.2 MB/s   (min 99.95, max 99.95, spread 0.0%)
test               write     246.65 M msg/s     1411.4 MB/s   (min 246.65, max 246.65, spread 0.0%)
test               read      736.57 M msg/s     4214.7 MB/s   (min 736.57, max 736.57, spread 0.0%)
inputpacket        write      59.67 M msg/s     3471.4 MB/s   (min 59.67, max 59.67, spread 0.0%)
inputpacket        read       40.20 M msg/s     2338.3 MB/s   (min 40.20, max 40.20, spread 0.0%)
shipcreate         write     122.86 M msg/s     3280.6 MB/s   (min 122.86, max 122.86, spread 0.0%)
shipcreate         read      145.62 M msg/s     3888.5 MB/s   (min 145.62, max 145.62, spread 0.0%)
ship_shallow       write     145.02 M msg/s     3872.6 MB/s   (min 145.02, max 145.02, spread 0.0%)
ship_shallow       read      157.53 M msg/s     4206.4 MB/s   (min 157.53, max 157.53, spread 0.0%)
probe_header       write     336.35 M msg/s     3207.6 MB/s   (min 336.35, max 336.35, spread 0.0%)
probe_header       read      899.67 M msg/s     8579.9 MB/s   (min 899.67, max 899.67, spread 0.0%)
probebits          write     196.06 M msg/s     4861.4 MB/s   (min 196.06, max 196.06, spread 0.0%)
probebits          read      440.82 M msg/s    10930.2 MB/s   (min 440.82, max 440.82, spread 0.0%)
probearray         write      25.11 M msg/s     1125.4 MB/s   (min 25.11, max 25.11, spread 0.0%)
probearray         read       30.95 M msg/s     1387.3 MB/s   (min 30.95, max 30.95, spread 0.0%)
testdata           write      22.01 M msg/s     1931.4 MB/s   (min 22.01, max 22.01, spread 0.0%)
testdata           read       30.34 M msg/s     2661.8 MB/s   (min 30.34, max 30.34, spread 0.0%)
real_packet        write       6.95 M msg/s     1352.3 MB/s   (min 6.95, max 6.95, spread 0.0%)
real_packet        read        9.42 M msg/s     1832.9 MB/s   (min 9.42, max 9.42, spread 0.0%)
message_batch      write     105.20 M msg/s     2508.2 MB/s   (min 105.20, max 105.20, spread 0.0%)
message_batch      read       62.27 M msg/s     1484.6 MB/s   (min 62.27, max 62.27, spread 0.0%)
bench_packet       write     123.33 M msg/s     5763.0 MB/s   (min 123.33, max 123.33, spread 0.0%)
bench_packet       read      210.37 M msg/s     9830.8 MB/s   (min 210.37, max 210.37, spread 0.0%)
bench_ints         write     212.56 M msg/s     2838.0 MB/s   (min 212.56, max 212.56, spread 0.0%)
bench_ints         read      258.79 M msg/s     3455.2 MB/s   (min 258.79, max 258.79, spread 0.0%)
bench_bits         write     276.69 M msg/s     5277.4 MB/s   (min 276.69, max 276.69, spread 0.0%)
bench_bits         read      353.33 M msg/s     6739.2 MB/s   (min 353.33, max 353.33, spread 0.0%)
bench_mixed        write     203.53 M msg/s     4076.1 MB/s   (min 203.53, max 203.53, spread 0.0%)
bench_mixed        read      255.96 M msg/s     5126.1 MB/s   (min 255.96, max 255.96, spread 0.0%)
bitpacker          write       0.07 M msg/s     4069.3 MB/s   (min 0.07, max 0.07, spread 0.0%)
bitpacker          read        0.06 M msg/s     3704.0 MB/s   (min 0.06, max 0.06, spread 0.0%)
OK (corpus_id 7a7c343f1a446f4c)
results: build/bench/pass-20260817-101322/round-5-cpp.csv
=== leg round-5-cpp OK 2026-08-17T10:26:04Z
--- pscheck [before-round-5-c] 2026-08-17T10:26:04Z load=1.00 1.15 1.83
  clean: none of ours running
=== leg round-5-c START 2026-08-17T10:26:04Z (bench/run.sh --only c --compiler g++ --bare --round 5 --reuse-build --out build/bench/pass-20260817-101322/round-5-c.csv)
== c: reusing build/bench/schema_bench_c ==
== c: run (Release) ==
schema bench (c, Release)
rigidbody_moving   write     127.55 M msg/s    12772.6 MB/s   (min 127.55, max 127.55, spread 0.0%)
rigidbody_moving   read      196.65 M msg/s    19692.0 MB/s   (min 196.65, max 196.65, spread 0.0%)
rigidbody_at_rest  write     206.79 M msg/s    11241.2 MB/s   (min 206.79, max 206.79, spread 0.0%)
rigidbody_at_rest  read       97.33 M msg/s     5290.6 MB/s   (min 97.33, max 97.33, spread 0.0%)
chat               write      65.97 M msg/s      817.9 MB/s   (min 65.97, max 65.97, spread 0.0%)
chat               read       99.96 M msg/s     1239.3 MB/s   (min 99.96, max 99.96, spread 0.0%)
test               write     403.14 M msg/s     2306.8 MB/s   (min 403.14, max 403.14, spread 0.0%)
test               read      733.38 M msg/s     4196.4 MB/s   (min 733.38, max 733.38, spread 0.0%)
inputpacket        write      55.22 M msg/s     3212.3 MB/s   (min 55.22, max 55.22, spread 0.0%)
inputpacket        read       21.12 M msg/s     1228.8 MB/s   (min 21.12, max 21.12, spread 0.0%)
shipcreate         write      78.69 M msg/s     2101.2 MB/s   (min 78.69, max 78.69, spread 0.0%)
shipcreate         read      134.15 M msg/s     3582.1 MB/s   (min 134.15, max 134.15, spread 0.0%)
ship_shallow       write      90.24 M msg/s     2409.6 MB/s   (min 90.24, max 90.24, spread 0.0%)
ship_shallow       read      153.66 M msg/s     4103.3 MB/s   (min 153.66, max 153.66, spread 0.0%)
probe_header       write     369.98 M msg/s     3528.4 MB/s   (min 369.98, max 369.98, spread 0.0%)
probe_header       read      883.93 M msg/s     8429.8 MB/s   (min 883.93, max 883.93, spread 0.0%)
probebits          write     246.65 M msg/s     6115.9 MB/s   (min 246.65, max 246.65, spread 0.0%)
probebits          read      427.77 M msg/s    10606.8 MB/s   (min 427.77, max 427.77, spread 0.0%)
probearray         write      49.33 M msg/s     2210.9 MB/s   (min 49.33, max 49.33, spread 0.0%)
probearray         read       78.67 M msg/s     3526.1 MB/s   (min 78.67, max 78.67, spread 0.0%)
testdata           write      20.94 M msg/s     1837.3 MB/s   (min 20.94, max 20.94, spread 0.0%)
testdata           read       48.12 M msg/s     4222.0 MB/s   (min 48.12, max 48.12, spread 0.0%)
real_packet        write       6.31 M msg/s     1228.5 MB/s   (min 6.31, max 6.31, spread 0.0%)
real_packet        read        7.92 M msg/s     1541.1 MB/s   (min 7.92, max 7.92, spread 0.0%)
message_batch      write      91.83 M msg/s     2189.5 MB/s   (min 91.83, max 91.83, spread 0.0%)
message_batch      read       62.03 M msg/s     1479.0 MB/s   (min 62.03, max 62.03, spread 0.0%)
bench_packet       write      67.56 M msg/s     3157.2 MB/s   (min 67.56, max 67.56, spread 0.0%)
bench_packet       read      104.10 M msg/s     4864.5 MB/s   (min 104.10, max 104.10, spread 0.0%)
bench_ints         write      94.86 M msg/s     1266.5 MB/s   (min 94.86, max 94.86, spread 0.0%)
bench_ints         read      140.83 M msg/s     1880.3 MB/s   (min 140.83, max 140.83, spread 0.0%)
bench_bits         write     291.56 M msg/s     5561.2 MB/s   (min 291.56, max 291.56, spread 0.0%)
bench_bits         read      358.12 M msg/s     6830.5 MB/s   (min 358.12, max 358.12, spread 0.0%)
bench_mixed        write      86.00 M msg/s     1722.4 MB/s   (min 86.00, max 86.00, spread 0.0%)
bench_mixed        read      132.09 M msg/s     2645.4 MB/s   (min 132.09, max 132.09, spread 0.0%)
bitpacker          write       0.06 M msg/s     3976.4 MB/s   (min 0.06, max 0.06, spread 0.0%)
bitpacker          read        0.06 M msg/s     3762.9 MB/s   (min 0.06, max 0.06, spread 0.0%)
OK (corpus_id 7a7c343f1a446f4c)
results: build/bench/pass-20260817-101322/round-5-c.csv
=== leg round-5-c OK 2026-08-17T10:26:33Z
boundary: load1=1.00 foreign=0
--- pscheck [before-round-6-cpp] 2026-08-17T10:26:33Z load=1.00 1.13 1.80
  clean: none of ours running
=== leg round-6-cpp START 2026-08-17T10:26:33Z (bench/run.sh --only cpp --compiler g++ --bare --round 6 --reuse-build --out build/bench/pass-20260817-101322/round-6-cpp.csv)
== cpp: reusing build/bench/schema_bench_cpp ==
== cpp: run (Release) ==
schema bench (cpp, Release)
rigidbody_moving   write     132.13 M msg/s    13231.0 MB/s   (min 132.13, max 132.13, spread 0.0%)
rigidbody_moving   read      179.83 M msg/s    18007.4 MB/s   (min 179.83, max 179.83, spread 0.0%)
rigidbody_at_rest  write     308.31 M msg/s    16759.6 MB/s   (min 308.31, max 308.31, spread 0.0%)
rigidbody_at_rest  read       97.34 M msg/s     5291.1 MB/s   (min 97.34, max 97.34, spread 0.0%)
chat               write      69.80 M msg/s      865.3 MB/s   (min 69.80, max 69.80, spread 0.0%)
chat               read       99.96 M msg/s     1239.3 MB/s   (min 99.96, max 99.96, spread 0.0%)
test               write     246.65 M msg/s     1411.3 MB/s   (min 246.65, max 246.65, spread 0.0%)
test               read      732.46 M msg/s     4191.2 MB/s   (min 732.46, max 732.46, spread 0.0%)
inputpacket        write      51.34 M msg/s     2986.8 MB/s   (min 51.34, max 51.34, spread 0.0%)
inputpacket        read       40.20 M msg/s     2338.4 MB/s   (min 40.20, max 40.20, spread 0.0%)
shipcreate         write     122.88 M msg/s     3281.4 MB/s   (min 122.88, max 122.88, spread 0.0%)
shipcreate         read      142.34 M msg/s     3801.0 MB/s   (min 142.34, max 142.34, spread 0.0%)
ship_shallow       write     145.03 M msg/s     3872.6 MB/s   (min 145.03, max 145.03, spread 0.0%)
ship_shallow       read      156.02 M msg/s     4166.3 MB/s   (min 156.02, max 156.02, spread 0.0%)
probe_header       write     336.34 M msg/s     3207.6 MB/s   (min 336.34, max 336.34, spread 0.0%)
probe_header       read      894.40 M msg/s     8529.6 MB/s   (min 894.40, max 894.40, spread 0.0%)
probebits          write     198.46 M msg/s     4921.0 MB/s   (min 198.46, max 198.46, spread 0.0%)
probebits          read      441.36 M msg/s    10943.8 MB/s   (min 441.36, max 441.36, spread 0.0%)
probearray         write      25.42 M msg/s     1139.3 MB/s   (min 25.42, max 25.42, spread 0.0%)
probearray         read       30.86 M msg/s     1383.1 MB/s   (min 30.86, max 30.86, spread 0.0%)
testdata           write      21.63 M msg/s     1898.1 MB/s   (min 21.63, max 21.63, spread 0.0%)
testdata           read       30.12 M msg/s     2642.6 MB/s   (min 30.12, max 30.12, spread 0.0%)
real_packet        write       6.87 M msg/s     1337.0 MB/s   (min 6.87, max 6.87, spread 0.0%)
real_packet        read        9.42 M msg/s     1833.4 MB/s   (min 9.42, max 9.42, spread 0.0%)
message_batch      write     105.17 M msg/s     2507.5 MB/s   (min 105.17, max 105.17, spread 0.0%)
message_batch      read       61.42 M msg/s     1464.4 MB/s   (min 61.42, max 61.42, spread 0.0%)
bench_packet       write     123.33 M msg/s     5763.1 MB/s   (min 123.33, max 123.33, spread 0.0%)
bench_packet       read      233.46 M msg/s    10909.8 MB/s   (min 233.46, max 233.46, spread 0.0%)
bench_ints         write     213.45 M msg/s     2849.9 MB/s   (min 213.45, max 213.45, spread 0.0%)
bench_ints         read      259.78 M msg/s     3468.4 MB/s   (min 259.78, max 259.78, spread 0.0%)
bench_bits         write     278.05 M msg/s     5303.4 MB/s   (min 278.05, max 278.05, spread 0.0%)
bench_bits         read      354.43 M msg/s     6760.1 MB/s   (min 354.43, max 354.43, spread 0.0%)
bench_mixed        write     206.44 M msg/s     4134.3 MB/s   (min 206.44, max 206.44, spread 0.0%)
bench_mixed        read      256.08 M msg/s     5128.5 MB/s   (min 256.08, max 256.08, spread 0.0%)
bitpacker          write       0.07 M msg/s     4070.2 MB/s   (min 0.07, max 0.07, spread 0.0%)
bitpacker          read        0.06 M msg/s     3709.1 MB/s   (min 0.06, max 0.06, spread 0.0%)
OK (corpus_id 7a7c343f1a446f4c)
results: build/bench/pass-20260817-101322/round-6-cpp.csv
=== leg round-6-cpp OK 2026-08-17T10:27:01Z
--- pscheck [before-round-6-c] 2026-08-17T10:27:01Z load=1.00 1.12 1.78
  clean: none of ours running
=== leg round-6-c START 2026-08-17T10:27:01Z (bench/run.sh --only c --compiler g++ --bare --round 6 --reuse-build --out build/bench/pass-20260817-101322/round-6-c.csv)
== c: reusing build/bench/schema_bench_c ==
== c: run (Release) ==
schema bench (c, Release)
rigidbody_moving   write     127.55 M msg/s    12772.4 MB/s   (min 127.55, max 127.55, spread 0.0%)
rigidbody_moving   read      195.91 M msg/s    19617.6 MB/s   (min 195.91, max 195.91, spread 0.0%)
rigidbody_at_rest  write     207.63 M msg/s    11286.4 MB/s   (min 207.63, max 207.63, spread 0.0%)
rigidbody_at_rest  read       97.33 M msg/s     5290.6 MB/s   (min 97.33, max 97.33, spread 0.0%)
chat               write      65.96 M msg/s      817.7 MB/s   (min 65.96, max 65.96, spread 0.0%)
chat               read       96.42 M msg/s     1195.4 MB/s   (min 96.42, max 96.42, spread 0.0%)
test               write     403.65 M msg/s     2309.7 MB/s   (min 403.65, max 403.65, spread 0.0%)
test               read      740.65 M msg/s     4238.0 MB/s   (min 740.65, max 740.65, spread 0.0%)
inputpacket        write      55.22 M msg/s     3212.3 MB/s   (min 55.22, max 55.22, spread 0.0%)
inputpacket        read       22.77 M msg/s     1324.5 MB/s   (min 22.77, max 22.77, spread 0.0%)
shipcreate         write      83.56 M msg/s     2231.2 MB/s   (min 83.56, max 83.56, spread 0.0%)
shipcreate         read      135.16 M msg/s     3609.0 MB/s   (min 135.16, max 135.16, spread 0.0%)
ship_shallow       write      98.10 M msg/s     2619.6 MB/s   (min 98.10, max 98.10, spread 0.0%)
ship_shallow       read      156.49 M msg/s     4178.7 MB/s   (min 156.49, max 156.49, spread 0.0%)
probe_header       write     388.15 M msg/s     3701.7 MB/s   (min 388.15, max 388.15, spread 0.0%)
probe_header       read      890.57 M msg/s     8493.1 MB/s   (min 890.57, max 890.57, spread 0.0%)
probebits          write     246.65 M msg/s     6115.9 MB/s   (min 246.65, max 246.65, spread 0.0%)
probebits          read      428.28 M msg/s    10619.3 MB/s   (min 428.28, max 428.28, spread 0.0%)
probearray         write      49.33 M msg/s     2210.9 MB/s   (min 49.33, max 49.33, spread 0.0%)
probearray         read       78.67 M msg/s     3526.1 MB/s   (min 78.67, max 78.67, spread 0.0%)
testdata           write      20.94 M msg/s     1837.2 MB/s   (min 20.94, max 20.94, spread 0.0%)
testdata           read       47.84 M msg/s     4197.0 MB/s   (min 47.84, max 47.84, spread 0.0%)
real_packet        write       6.09 M msg/s     1185.5 MB/s   (min 6.09, max 6.09, spread 0.0%)
real_packet        read        7.91 M msg/s     1539.5 MB/s   (min 7.91, max 7.91, spread 0.0%)
message_batch      write      91.75 M msg/s     2187.4 MB/s   (min 91.75, max 91.75, spread 0.0%)
message_batch      read       60.98 M msg/s     1453.9 MB/s   (min 60.98, max 60.98, spread 0.0%)
bench_packet       write      68.51 M msg/s     3201.7 MB/s   (min 68.51, max 68.51, spread 0.0%)
bench_packet       read      104.07 M msg/s     4863.3 MB/s   (min 104.07, max 104.07, spread 0.0%)
bench_ints         write      99.60 M msg/s     1329.7 MB/s   (min 99.60, max 99.60, spread 0.0%)
bench_ints         read      142.21 M msg/s     1898.7 MB/s   (min 142.21, max 142.21, spread 0.0%)
bench_bits         write     297.92 M msg/s     5682.4 MB/s   (min 297.92, max 297.92, spread 0.0%)
bench_bits         read      356.66 M msg/s     6802.7 MB/s   (min 356.66, max 356.66, spread 0.0%)
bench_mixed        write      84.69 M msg/s     1696.1 MB/s   (min 84.69, max 84.69, spread 0.0%)
bench_mixed        read      132.06 M msg/s     2644.8 MB/s   (min 132.06, max 132.06, spread 0.0%)
bitpacker          write       0.06 M msg/s     3980.0 MB/s   (min 0.06, max 0.06, spread 0.0%)
bitpacker          read        0.06 M msg/s     3762.0 MB/s   (min 0.06, max 0.06, spread 0.0%)
OK (corpus_id 7a7c343f1a446f4c)
results: build/bench/pass-20260817-101322/round-6-c.csv
=== leg round-6-c OK 2026-08-17T10:27:29Z
--- pscheck [before-round-6-cpp-b] 2026-08-17T10:27:29Z load=1.00 1.11 1.75
  clean: none of ours running
=== leg round-6-cpp-b START 2026-08-17T10:27:29Z (bench/run.sh --only cpp --compiler g++ --bare --round 6 --reuse-build --out build/bench/pass-20260817-101322/round-6-cpp-b.csv)
== cpp: reusing build/bench/schema_bench_cpp ==
== cpp: run (Release) ==
schema bench (cpp, Release)
rigidbody_moving   write     132.13 M msg/s    13231.1 MB/s   (min 132.13, max 132.13, spread 0.0%)
rigidbody_moving   read      180.49 M msg/s    18073.6 MB/s   (min 180.49, max 180.49, spread 0.0%)
rigidbody_at_rest  write     308.32 M msg/s    16759.9 MB/s   (min 308.32, max 308.32, spread 0.0%)
rigidbody_at_rest  read       97.34 M msg/s     5291.1 MB/s   (min 97.34, max 97.34, spread 0.0%)
chat               write      69.74 M msg/s      864.6 MB/s   (min 69.74, max 69.74, spread 0.0%)
chat               read       99.96 M msg/s     1239.3 MB/s   (min 99.96, max 99.96, spread 0.0%)
test               write     246.65 M msg/s     1411.4 MB/s   (min 246.65, max 246.65, spread 0.0%)
test               read      732.27 M msg/s     4190.1 MB/s   (min 732.27, max 732.27, spread 0.0%)
inputpacket        write      51.35 M msg/s     2987.5 MB/s   (min 51.35, max 51.35, spread 0.0%)
inputpacket        read       40.20 M msg/s     2338.4 MB/s   (min 40.20, max 40.20, spread 0.0%)
shipcreate         write     122.90 M msg/s     3281.8 MB/s   (min 122.90, max 122.90, spread 0.0%)
shipcreate         read      141.74 M msg/s     3785.0 MB/s   (min 141.74, max 141.74, spread 0.0%)
ship_shallow       write     144.93 M msg/s     3870.1 MB/s   (min 144.93, max 144.93, spread 0.0%)
ship_shallow       read      156.14 M msg/s     4169.3 MB/s   (min 156.14, max 156.14, spread 0.0%)
probe_header       write     336.34 M msg/s     3207.6 MB/s   (min 336.34, max 336.34, spread 0.0%)
probe_header       read      896.02 M msg/s     8545.1 MB/s   (min 896.02, max 896.02, spread 0.0%)
probebits          write     198.23 M msg/s     4915.3 MB/s   (min 198.23, max 198.23, spread 0.0%)
probebits          read      441.37 M msg/s    10944.0 MB/s   (min 441.37, max 441.37, spread 0.0%)
probearray         write      25.50 M msg/s     1142.8 MB/s   (min 25.50, max 25.50, spread 0.0%)
probearray         read       29.09 M msg/s     1303.7 MB/s   (min 29.09, max 29.09, spread 0.0%)
testdata           write      22.62 M msg/s     1985.0 MB/s   (min 22.62, max 22.62, spread 0.0%)
testdata           read       30.11 M msg/s     2641.5 MB/s   (min 30.11, max 30.11, spread 0.0%)
real_packet        write       6.86 M msg/s     1334.6 MB/s   (min 6.86, max 6.86, spread 0.0%)
real_packet        read        9.41 M msg/s     1830.8 MB/s   (min 9.41, max 9.41, spread 0.0%)
message_batch      write     104.61 M msg/s     2494.0 MB/s   (min 104.61, max 104.61, spread 0.0%)
message_batch      read       60.72 M msg/s     1447.6 MB/s   (min 60.72, max 60.72, spread 0.0%)
bench_packet       write     123.33 M msg/s     5763.1 MB/s   (min 123.33, max 123.33, spread 0.0%)
bench_packet       read      223.71 M msg/s    10453.8 MB/s   (min 223.71, max 223.71, spread 0.0%)
bench_ints         write     213.28 M msg/s     2847.7 MB/s   (min 213.28, max 213.28, spread 0.0%)
bench_ints         read      260.02 M msg/s     3471.7 MB/s   (min 260.02, max 260.02, spread 0.0%)
bench_bits         write     276.48 M msg/s     5273.4 MB/s   (min 276.48, max 276.48, spread 0.0%)
bench_bits         read      365.22 M msg/s     6966.1 MB/s   (min 365.22, max 365.22, spread 0.0%)
bench_mixed        write     203.59 M msg/s     4077.3 MB/s   (min 203.59, max 203.59, spread 0.0%)
bench_mixed        read      256.24 M msg/s     5131.8 MB/s   (min 256.24, max 256.24, spread 0.0%)
bitpacker          write       0.07 M msg/s     4070.8 MB/s   (min 0.07, max 0.07, spread 0.0%)
bitpacker          read        0.06 M msg/s     3710.0 MB/s   (min 0.06, max 0.06, spread 0.0%)
OK (corpus_id 7a7c343f1a446f4c)
results: build/bench/pass-20260817-101322/round-6-cpp-b.csv
=== leg round-6-cpp-b OK 2026-08-17T10:27:57Z
--- pscheck [before-round-6-c-b] 2026-08-17T10:27:57Z load=1.00 1.10 1.72
  clean: none of ours running
=== leg round-6-c-b START 2026-08-17T10:27:57Z (bench/run.sh --only c --compiler g++ --bare --round 6 --reuse-build --out build/bench/pass-20260817-101322/round-6-c-b.csv)
== c: reusing build/bench/schema_bench_c ==
== c: run (Release) ==
schema bench (c, Release)
rigidbody_moving   write     127.56 M msg/s    12773.2 MB/s   (min 127.56, max 127.56, spread 0.0%)
rigidbody_moving   read      196.25 M msg/s    19651.9 MB/s   (min 196.25, max 196.25, spread 0.0%)
rigidbody_at_rest  write     208.08 M msg/s    11311.3 MB/s   (min 208.08, max 208.08, spread 0.0%)
rigidbody_at_rest  read       97.33 M msg/s     5290.6 MB/s   (min 97.33, max 97.33, spread 0.0%)
chat               write      65.93 M msg/s      817.4 MB/s   (min 65.93, max 65.93, spread 0.0%)
chat               read       96.34 M msg/s     1194.4 MB/s   (min 96.34, max 96.34, spread 0.0%)
test               write     403.75 M msg/s     2310.3 MB/s   (min 403.75, max 403.75, spread 0.0%)
test               read      740.29 M msg/s     4236.0 MB/s   (min 740.29, max 740.29, spread 0.0%)
inputpacket        write      55.22 M msg/s     3212.3 MB/s   (min 55.22, max 55.22, spread 0.0%)
inputpacket        read       21.48 M msg/s     1249.5 MB/s   (min 21.48, max 21.48, spread 0.0%)
shipcreate         write      84.06 M msg/s     2244.8 MB/s   (min 84.06, max 84.06, spread 0.0%)
shipcreate         read      135.11 M msg/s     3607.7 MB/s   (min 135.11, max 135.11, spread 0.0%)
ship_shallow       write      98.54 M msg/s     2631.4 MB/s   (min 98.54, max 98.54, spread 0.0%)
ship_shallow       read      156.50 M msg/s     4179.0 MB/s   (min 156.50, max 156.50, spread 0.0%)
probe_header       write     388.32 M msg/s     3703.3 MB/s   (min 388.32, max 388.32, spread 0.0%)
probe_header       read      887.94 M msg/s     8468.1 MB/s   (min 887.94, max 887.94, spread 0.0%)
probebits          write     246.65 M msg/s     6115.8 MB/s   (min 246.65, max 246.65, spread 0.0%)
probebits          read      424.38 M msg/s    10522.8 MB/s   (min 424.38, max 424.38, spread 0.0%)
probearray         write      49.33 M msg/s     2210.9 MB/s   (min 49.33, max 49.33, spread 0.0%)
probearray         read       78.68 M msg/s     3526.5 MB/s   (min 78.68, max 78.68, spread 0.0%)
testdata           write      20.94 M msg/s     1837.2 MB/s   (min 20.94, max 20.94, spread 0.0%)
testdata           read       47.34 M msg/s     4153.7 MB/s   (min 47.34, max 47.34, spread 0.0%)
real_packet        write       6.29 M msg/s     1222.8 MB/s   (min 6.29, max 6.29, spread 0.0%)
real_packet        read        7.91 M msg/s     1538.9 MB/s   (min 7.91, max 7.91, spread 0.0%)
message_batch      write      90.99 M msg/s     2169.3 MB/s   (min 90.99, max 90.99, spread 0.0%)
message_batch      read       61.13 M msg/s     1457.4 MB/s   (min 61.13, max 61.13, spread 0.0%)
bench_packet       write      66.99 M msg/s     3130.6 MB/s   (min 66.99, max 66.99, spread 0.0%)
bench_packet       read      104.12 M msg/s     4865.4 MB/s   (min 104.12, max 104.12, spread 0.0%)
bench_ints         write      99.53 M msg/s     1328.8 MB/s   (min 99.53, max 99.53, spread 0.0%)
bench_ints         read      142.24 M msg/s     1899.1 MB/s   (min 142.24, max 142.24, spread 0.0%)
bench_bits         write     290.85 M msg/s     5547.4 MB/s   (min 290.85, max 290.85, spread 0.0%)
bench_bits         read      356.54 M msg/s     6800.4 MB/s   (min 356.54, max 356.54, spread 0.0%)
bench_mixed        write      86.04 M msg/s     1723.1 MB/s   (min 86.04, max 86.04, spread 0.0%)
bench_mixed        read      132.07 M msg/s     2645.0 MB/s   (min 132.07, max 132.07, spread 0.0%)
bitpacker          write       0.06 M msg/s     3983.4 MB/s   (min 0.06, max 0.06, spread 0.0%)
bitpacker          read        0.06 M msg/s     3756.0 MB/s   (min 0.06, max 0.06, spread 0.0%)
OK (corpus_id 7a7c343f1a446f4c)
results: build/bench/pass-20260817-101322/round-6-c-b.csv
=== leg round-6-c-b OK 2026-08-17T10:28:26Z
boundary: load1=1.00 foreign=1
--- pscheck [before-control-end] 2026-08-17T10:28:26Z load=1.00 1.09 1.71
  clean: none of ours running
=== leg control-end START 2026-08-17T10:28:26Z (bench/run.sh --only cpp --compiler g++ --bare --reuse-build --out build/bench/pass-20260817-101322/control-end.csv)
== cpp: reusing build/bench/schema_bench_cpp ==
== cpp: run (Release) ==
schema bench (cpp, Release)
rigidbody_moving   write     132.13 M msg/s    13231.0 MB/s   (min 132.13, max 132.13, spread 0.0%)
rigidbody_moving   read      179.96 M msg/s    18020.8 MB/s   (min 179.94, max 179.98, spread 0.0%)
rigidbody_at_rest  write     264.27 M msg/s    14365.5 MB/s   (min 264.19, max 264.27, spread 0.0%)
rigidbody_at_rest  read       97.34 M msg/s     5291.2 MB/s   (min 97.34, max 97.34, spread 0.0%)
chat               write      69.76 M msg/s      864.9 MB/s   (min 69.75, max 69.78, spread 0.0%)
chat               read       96.98 M msg/s     1202.3 MB/s   (min 96.19, max 96.98, spread 0.8%)
test               write     246.65 M msg/s     1411.3 MB/s   (min 246.64, max 246.65, spread 0.0%)
test               read      733.27 M msg/s     4195.8 MB/s   (min 733.26, max 734.00, spread 0.1%)
inputpacket        write      58.73 M msg/s     3416.3 MB/s   (min 58.72, max 58.73, spread 0.0%)
inputpacket        read       40.20 M msg/s     2338.4 MB/s   (min 40.19, max 40.20, spread 0.0%)
shipcreate         write     122.84 M msg/s     3280.1 MB/s   (min 122.68, max 122.87, spread 0.2%)
shipcreate         read      142.09 M msg/s     3794.1 MB/s   (min 142.08, max 142.09, spread 0.0%)
ship_shallow       write     145.02 M msg/s     3872.6 MB/s   (min 145.00, max 145.03, spread 0.0%)
ship_shallow       read      156.33 M msg/s     4174.4 MB/s   (min 156.14, max 156.35, spread 0.1%)
probe_header       write     336.34 M msg/s     3207.6 MB/s   (min 336.34, max 336.34, spread 0.0%)
probe_header       read      900.00 M msg/s     8583.0 MB/s   (min 898.89, max 900.75, spread 0.2%)
probebits          write     198.78 M msg/s     4928.8 MB/s   (min 196.95, max 206.97, spread 5.0%)
probebits          read      442.18 M msg/s    10964.2 MB/s   (min 441.84, max 442.19, spread 0.1%)
probearray         write      25.03 M msg/s     1122.0 MB/s   (min 24.97, max 25.07, spread 0.4%)
probearray         read       30.91 M msg/s     1385.6 MB/s   (min 30.90, max 30.99, spread 0.3%)
testdata           write      22.02 M msg/s     1931.9 MB/s   (min 22.02, max 22.02, spread 0.0%)
testdata           read       30.34 M msg/s     2661.6 MB/s   (min 30.32, max 30.36, spread 0.1%)
real_packet        write       6.87 M msg/s     1335.9 MB/s   (min 6.85, max 6.89, spread 0.6%)
real_packet        read        9.42 M msg/s     1832.7 MB/s   (min 9.42, max 9.42, spread 0.1%)
message_batch      write     105.02 M msg/s     2503.9 MB/s   (min 104.86, max 105.09, spread 0.2%)
message_batch      read       63.23 M msg/s     1507.6 MB/s   (min 63.11, max 63.30, spread 0.3%)
bench_packet       write     123.33 M msg/s     5763.1 MB/s   (min 123.31, max 123.33, spread 0.0%)
bench_packet       read      216.64 M msg/s    10123.6 MB/s   (min 215.95, max 224.57, spread 4.0%)
bench_ints         write     213.00 M msg/s     2843.9 MB/s   (min 212.74, max 213.09, spread 0.2%)
bench_ints         read      259.22 M msg/s     3461.0 MB/s   (min 259.22, max 259.85, spread 0.2%)
bench_bits         write     278.12 M msg/s     5304.6 MB/s   (min 275.46, max 279.25, spread 1.4%)
bench_bits         read      356.23 M msg/s     6794.6 MB/s   (min 355.76, max 357.06, spread 0.4%)
bench_mixed        write     206.65 M msg/s     4138.5 MB/s   (min 205.18, max 208.90, spread 1.8%)
bench_mixed        read      257.17 M msg/s     5150.3 MB/s   (min 256.24, max 259.86, spread 1.4%)
bitpacker          write       0.07 M msg/s     4070.0 MB/s   (min 0.07, max 0.07, spread 0.0%)
bitpacker          read        0.06 M msg/s     3710.3 MB/s   (min 0.06, max 0.06, spread 0.0%)
OK (corpus_id 7a7c343f1a446f4c)
results: build/bench/pass-20260817-101322/control-end.csv
=== leg control-end OK 2026-08-17T10:30:14Z
boundary: load1=1.05 foreign=0
cpu15 post: cpu15 74928033 0 82447904 1818621974 31 0 0 0 0 0
control: start=114162298 end=113978440 delta=0.2% window=OK
twin-ok: c/rigidbody_moving/write dev 0.0% within band 0.0%
twin-ok: c/rigidbody_moving/read dev 0.2% within band 0.9%
twin-ok: c/rigidbody_at_rest/write dev 0.0% within band 0.8%
twin-ok: c/rigidbody_at_rest/read dev 0.0% within band 0.0%
twin-ok: c/chat/write dev 0.0% within band 1.0%
twin-ok: c/chat/read dev 0.0% within band 4.5%
twin-ok: c/test/write dev 0.0% within band 0.2%
twin-ok: c/test/read dev 0.0% within band 1.9%
twin-ok: c/inputpacket/write dev 0.0% within band 0.0%
twin-ok: c/inputpacket/read dev 0.0% within band 7.8%
twin-ok: c/shipcreate/write dev 0.0% within band 7.1%
twin-ok: c/shipcreate/read dev 0.7% within band 3.6%
twin-ok: c/ship_shallow/write dev 0.4% within band 8.8%
twin-ok: c/ship_shallow/read dev 0.1% within band 1.8%
twin-ok: c/probe_header/write dev 0.0% within band 5.1%
twin-ok: c/probe_header/read dev 0.1% within band 3.0%
twin-ok: c/probebits/write dev 0.0% within band 0.1%
twin-ok: c/probebits/read dev 0.0% within band 2.3%
twin-ok: c/probearray/write dev 0.0% within band 0.0%
twin-ok: c/probearray/read dev 0.0% within band 5.3%
twin-ok: c/testdata/write dev 0.2% within band 0.7%
twin-ok: c/testdata/read dev 0.8% within band 2.4%
twin-ok: c/real_packet/write dev 0.3% within band 4.0%
twin-ok: c/real_packet/read dev 0.1% within band 0.5%
twin-ok: c/message_batch/write dev 0.0% within band 1.5%
twin-ok: c/message_batch/read dev 0.8% within band 3.4%
twin-ok: c/bench_packet/write dev 0.0% within band 2.2%
twin-ok: c/bench_packet/read dev 0.0% within band 0.1%
twin-ok: c/bench_ints/write dev 0.0% within band 5.0%
twin-ok: c/bench_ints/read dev 0.0% within band 1.0%
twin-ok: c/bench_bits/write dev 0.2% within band 4.0%
twin-ok: c/bench_bits/read dev 0.2% within band 1.1%
twin-ok: c/bench_mixed/write dev 0.0% within band 1.6%
twin-ok: c/bench_mixed/read dev 0.0% within band 0.2%
twin-ok: c/bitpacker/write dev 0.0% within band 0.3%
twin-ok: c/bitpacker/read dev 0.0% within band 0.2%
twin-ok: cpp/rigidbody_moving/write dev 0.0% within band 0.0%
twin-ok: cpp/rigidbody_moving/read dev 0.1% within band 1.8%
twin-ok: cpp/rigidbody_at_rest/write dev 0.0% within band 16.7%
twin-ok: cpp/rigidbody_at_rest/read dev 0.0% within band 0.0%
twin-ok: cpp/chat/write dev 0.0% within band 3.2%
twin-ok: cpp/chat/read dev 0.0% within band 3.9%
twin-ok: cpp/test/write dev 0.0% within band 0.0%
twin-ok: cpp/test/read dev 0.1% within band 1.3%
twin-ok: cpp/inputpacket/write dev 0.0% within band 16.2%
twin-ok: cpp/inputpacket/read dev 0.0% within band 0.3%
twin-ok: cpp/shipcreate/write dev 0.0% within band 0.1%
twin-ok: cpp/shipcreate/read dev 0.0% within band 3.2%
twin-ok: cpp/ship_shallow/write dev 0.0% within band 0.2%
twin-ok: cpp/ship_shallow/read dev 0.9% within band 1.2%
twin-ok: cpp/probe_header/write dev 0.0% within band 0.0%
twin-ok: cpp/probe_header/read dev 0.1% within band 1.2%
twin-ok: cpp/probebits/write dev 9.6% within band 13.6%
twin-ok: cpp/probebits/read dev 0.0% within band 0.2%
twin-ok: cpp/probearray/write dev 0.3% within band 2.5%
twin-ok: cpp/probearray/read dev 0.4% within band 6.1%
twin-ok: cpp/testdata/write dev 0.0% within band 4.7%
twin-ok: cpp/testdata/read dev 0.4% within band 1.7%
twin-ok: cpp/real_packet/write dev 0.1% within band 1.6%
twin-ok: cpp/real_packet/read dev 0.0% within band 0.3%
twin-ok: cpp/message_batch/write dev 0.1% within band 1.2%
twin-ok: cpp/message_batch/read dev 0.4% within band 4.2%
twin-ok: cpp/bench_packet/write dev 0.0% within band 0.0%
twin-ok: cpp/bench_packet/read dev 1.2% within band 13.0%
twin-ok: cpp/bench_ints/write dev 0.0% within band 0.8%
twin-ok: cpp/bench_ints/read dev 0.1% within band 1.5%
twin-ok: cpp/bench_bits/write dev 0.8% within band 2.1%
twin-ok: cpp/bench_bits/read dev 2.7% within band 3.6%
twin-ok: cpp/bench_mixed/write dev 1.1% within band 3.6%
twin-ok: cpp/bench_mixed/read dev 0.1% within band 0.7%
twin-ok: cpp/bitpacker/write dev 0.0% within band 0.1%
twin-ok: cpp/bitpacker/read dev 0.0% within band 0.2%
twin gate: OK 
===== interleaved pass DONE 2026-08-17T10:30:14Z window=OK out=bench/results/certified-space-1-pass2.csv =====
